step,amount,oldbalanceOrg,newbalanceOrig,oldbalanceDest,newbalanceDest,type_code,balance_diff,log_amount,type_CASH_OUT,type_DEBIT,type_PAYMENT,type_TRANSFER,dest_balance_diff,zero_balance_orig,zero_balance_dest,failedtransfer,amount_to_balance_ratio,high_value_flag,client_id
103,14147.53,6088.1,2082.84,29251.64,46259.35,1,2059.85,9.54,0,1,0,0,5934.17,0,0,1,0.8323,1,870
436,15357.91,23911.7,19882.38,33220.56,3326.8,2,-2617.91,8.14,1,0,0,1,2002.81,1,1,1,0.1116,0,488
271,1754.93,25305.38,38115.45,29377.59,12188.81,3,-1113.25,8.6,0,1,0,0,4218.59,0,1,1,0.9206,0,354
107,10127.02,11627.57,22745.94,4149.92,41586.13,2,-562.99,8.36,0,0,1,0,-3923.86,1,0,1,0.9349,1,19
72,18640.97,3998.27,13362.63,63709.47,6312.99,4,3913.14,9.4,1,1,1,1,189.65,0,1,1,0.1553,0,859
701,6419.64,38836.18,10990.27,59729.24,39675.51,2,-886.7,9.22,0,1,0,1,4943.48,1,1,0,0.0339,0,393
21,11881.72,6101.75,6575.91,65338.35,47400.63,4,-3547.75,9.76,0,0,1,0,-748.73,0,0,1,0.9898,0,837
615,7390.92,29714.54,42856.48,19230.99,45126.66,1,243.15,9.86,1,1,0,0,2027.68,1,1,1,0.4823,1,261
122,9090.82,46822.46,28767.77,29565.45,86917.49,2,4629.58,9.0,1,0,0,1,5794.57,1,1,0,0.5721,1,985
467,10976.58,43805.26,3819.25,61961.59,53006.25,1,1076.86,9.22,1,0,0,1,-5695.59,0,1,1,0.6159,0,410
215,10982.95,13887.63,19129.02,59962.76,46798.05,1,4833.87,9.87,1,0,1,0,-8681.42,0,1,0,0.7897,1,403
331,4042.59,42572.43,18386.68,50633.03,41070.92,0,3411.07,8.62,0,0,1,1,636.47,0,0,0,0.812,1,670
459,13694.59,16.63,9086.96,35041.33,81762.34,1,-4640.34,9.67,0,1,0,0,-8757.48,1,1,1,0.1939,0,484
88,1766.48,884.39,21775.38,91293.1,89505.66,1,1584.0,8.41,0,0,0,0,5331.15,1,1,1,0.2366,1,304
373,2785.11,30127.66,16604.97,33977.02,85324.25,2,-2132.33,9.52,0,1,1,0,4384.23,1,1,0,0.8768,1,624
100,64.19,18239.91,17090.19,45561.92,67354.66,2,596.17,8.53,0,1,0,1,7634.25,1,0,1,0.8195,1,656
664,2342.75,19323.04,36951.33,67811.38,13736.17,3,-2206.55,9.78,0,1,1,0,2791.24,0,1,0,0.6176,1,768
131,9468.59,28222.05,11163.17,54302.14,27687.0,0,-1511.3,9.33,1,0,0,0,-8656.05,0,1,0,0.9947,1,967
662,12125.98,9589.12,32093.0,34688.6,4606.31,1,4231.69,8.22,0,1,0,1,-4936.96,0,1,1,0.7352,1,18
309,15887.85,10587.77,28532.48,43564.48,93082.41,0,-2933.57,8.41,0,0,1,1,6158.64,0,0,0,0.2158,0,184
344,2142.92,24230.08,28404.63,79448.08,66079.85,4,3741.09,9.2,0,1,1,1,-6657.35,1,0,1,0.8466,0,405
492,17016.04,37712.68,33150.37,27812.92,74636.29,1,-4695.42,9.86,1,0,1,0,3969.61,1,0,1,0.4147,0,799
414,14922.03,30974.89,27419.1,14225.52,31157.17,0,-4091.23,9.64,1,0,1,1,5605.19,0,0,0,0.0362,1,897
386,8176.28,14867.75,43962.76,31316.32,84565.35,3,3546.75,9.19,1,0,1,1,-3397.76,1,0,0,0.3214,0,131
192,18659.43,21516.86,33779.0,84953.42,25960.33,3,1305.56,8.82,1,0,0,0,-3554.05,0,1,1,0.7636,1,479
277,19818.68,8533.24,27348.16,8898.97,164.38,1,2472.36,9.3,0,1,0,0,1156.05,1,0,1,0.9602,1,793
161,4107.99,3731.49,41488.16,99169.61,37641.5,4,-2905.82,9.61,0,1,1,0,7225.73,1,1,1,0.2761,0,757
460,7590.78,39134.8,30307.33,54100.29,57076.15,3,370.83,9.66,0,0,1,0,-5521.88,1,0,0,0.2465,1,8
314,18529.72,13269.37,14557.21,98484.57,47870.49,3,2372.19,8.78,1,1,0,1,8825.16,1,0,1,0.5636,0,705
22,14434.72,8888.32,10354.75,93899.64,86207.61,4,1273.14,9.58,0,0,0,0,1982.37,1,0,0,0.8117,1,318
253,971.41,34580.9,7616.39,45281.37,10540.53,0,-283.01,9.48,0,0,1,1,9842.53,1,1,0,0.7465,0,391
561,15632.47,30902.58,44972.76,19849.11,55382.34,3,4597.84,9.86,0,1,1,0,-8207.73,0,1,0,0.56,0,519
475,16560.54,31659.48,35506.77,16488.48,51297.93,2,1761.57,9.83,1,0,0,0,-7468.76,1,1,1,0.6314,0,136
59,15012.53,11444.73,46868.92,23998.94,28139.3,3,4077.51,9.67,1,0,1,1,6532.84,0,0,0,0.2421,0,531
511,15992.75,11632.28,30164.59,71013.26,82222.81,0,2297.71,9.58,1,0,0,1,7295.12,0,0,1,0.4326,1,913
682,16504.4,11040.13,23670.04,27295.0,75284.87,0,2354.64,8.61,0,0,0,1,-1090.83,0,0,0,0.2554,0,651
476,3736.24,8687.63,2985.82,34142.53,73285.92,1,-4199.82,9.74,0,0,1,0,4281.42,0,0,1,0.8844,1,367
700,4721.48,32786.18,33582.11,44877.88,87619.25,2,-1405.35,9.05,0,1,0,0,7351.15,0,0,1,0.1126,0,489
190,12678.83,42400.79,29110.44,91323.27,72278.46,0,3583.69,8.6,0,1,0,1,-9137.44,0,0,0,0.6797,0,689
687,18158.24,36215.87,49510.44,18939.34,23184.13,4,-2673.96,8.95,1,1,0,1,1479.01,1,1,1,0.2603,0,11
563,6330.77,39604.68,11957.94,502.66,70556.27,2,-3844.94,9.72,0,0,1,0,7069.61,1,1,0,0.4756,1,998
567,11770.25,20239.92,26536.87,6009.64,30770.28,2,-1738.94,8.0,1,0,0,1,-2036.9,1,0,0,0.2994,0,553
244,13662.81,32703.79,32547.87,90476.63,24217.47,4,-2795.62,9.12,0,0,1,1,-3952.33,0,1,0,0.3232,0,446
505,9044.45,17711.81,32229.56,64751.65,7300.36,3,4252.88,9.2,1,0,0,0,5914.13,0,1,0,0.2604,1,114
131,14278.51,26275.23,28064.68,27304.06,74402.86,4,3679.67,6.61,0,0,0,1,-3284.27,0,1,0,0.7528,0,692
485,17994.35,24081.74,38846.4,17719.25,71100.1,4,-3.17,8.27,0,0,0,0,-9936.51,1,0,0,0.3657,1,706
647,12485.79,8844.36,10249.06,29426.67,23449.95,3,-4386.56,9.71,1,1,0,0,9191.45,1,0,0,0.7264,0,196
21,10800.22,19353.94,36281.36,11479.69,74937.9,3,2145.62,9.72,1,0,0,0,1842.46,1,0,1,0.4561,0,860
167,8780.51,48191.11,30986.73,94153.29,91784.09,3,1234.12,8.68,0,1,1,1,6390.36,0,0,0,0.5472,0,737
274,11553.95,12429.01,44803.76,78420.62,10802.9,3,4705.55,9.77,0,0,1,1,6506.03,0,1,0,0.5433,1,843
388,7113.7,6690.19,42359.72,46239.12,23263.66,3,589.53,9.64,0,1,0,1,-8671.79,0,0,1,0.9759,0,323
601,7835.73,20929.03,15757.35,86496.26,75026.08,4,-1636.06,9.03,1,0,1,1,-6582.8,1,0,1,0.3671,0,936
316,10641.83,39516.89,13811.87,24945.82,27450.67,1,190.22,9.61,0,1,1,0,-3777.59,0,0,0,0.2077,0,773
14,1341.72,29107.41,49082.67,71712.06,62466.4,1,4792.63,9.86,1,1,0,0,-3586.01,0,1,0,0.9118,1,512
242,4588.22,34048.74,26363.26,85613.25,8116.42,0,1963.62,9.13,0,0,1,1,3175.72,0,1,0,0.1748,1,628
346,10861.56,9484.74,45321.05,35676.87,45220.25,1,1719.76,8.47,0,0,1,1,2462.66,0,1,1,0.8344,1,981
565,8636.25,30947.41,8194.05,75746.44,73909.14,1,-2593.18,9.84,0,1,1,1,-108.2,1,1,0,0.1502,1,662
340,6662.99,16175.02,32140.95,29507.23,68651.39,4,2436.03,9.4,0,0,1,1,-5774.73,1,1,1,0.6587,1,630
92,14613.68,41715.17,40493.01,29885.71,81507.21,3,2502.72,7.66,1,0,0,0,-2360.33,0,0,0,0.1505,1,165
367,13877.41,31464.94,47369.76,10705.72,87745.21,3,-1827.11,9.35,1,0,1,1,871.88,0,1,0,0.9231,0,252
455,3342.95,9942.81,16867.01,44005.8,77318.35,4,-162.86,9.21,0,1,0,0,-640.29,1,1,1,0.565,0,779
428,17573.8,3230.83,36249.06,72971.19,67158.77,1,-2053.97,9.75,0,0,0,1,-7454.15,1,0,0,0.3293,0,44
509,9913.52,2131.66,26940.65,94022.08,3172.25,4,-2412.95,9.27,0,1,1,1,2990.21,0,0,0,0.1403,0,470
35,14831.8,18570.43,3031.45,60379.7,53496.67,0,-4741.04,8.54,1,1,0,1,-8538.96,1,0,0,0.3712,0,489
206,11467.29,13292.56,34499.99,86313.55,3769.77,3,-2147.88,9.51,0,0,1,0,-2436.11,1,1,1,0.705,1,181
81,19953.88,32304.51,34504.83,82249.46,80806.78,2,539.7,9.29,1,1,0,1,4200.59,0,0,0,0.385,1,77
562,15050.54,24966.69,46530.34,17334.31,32072.45,0,-4983.99,8.45,1,0,1,0,-9599.53,1,1,0,0.2461,1,374
388,14142.54,13300.96,24865.62,48581.74,56242.94,0,-2167.81,9.35,1,0,1,0,1399.66,1,0,1,0.5774,0,628
2,15573.65,7461.89,11512.55,11692.35,27944.53,4,3814.1,9.71,1,1,0,1,-3309.58,1,1,1,0.4178,1,957
390,2871.13,6359.99,2228.19,68215.32,78250.01,1,936.49,6.37,0,1,1,0,-9823.36,1,1,0,0.1658,0,67
566,4098.85,43233.02,20782.11,94989.97,88650.25,3,1078.63,9.44,0,1,1,0,-6192.33,0,1,0,0.154,1,525
106,14284.14,12173.9,15095.84,13708.95,39864.25,2,-966.36,8.85,1,1,1,0,8818.92,1,1,1,0.7075,0,92
477,9884.69,32585.53,38054.42,73388.31,86292.24,0,1764.72,8.68,0,1,1,1,422.98,1,0,0,0.9747,1,758
703,15095.16,40534.3,17713.39,63223.82,26707.5,2,-3100.67,8.97,0,0,0,0,9944.54,0,0,0,0.2331,0,779
402,2067.29,30704.07,47453.56,58360.5,53466.09,1,3187.47,8.83,0,1,0,0,496.34,1,1,1,0.7731,1,651
730,10734.26,42978.26,48115.51,39012.02,85876.14,1,-3833.11,9.72,1,0,0,1,878.73,0,0,0,0.0876,0,853
556,7582.64,19619.69,31045.43,35513.16,32588.13,2,1560.01,8.61,0,0,1,1,-2163.14,0,1,0,0.3816,1,244
162,9145.43,47811.11,46433.01,4524.92,95404.23,3,-1588.51,9.59,0,1,0,0,-3799.19,1,0,1,0.5067,0,341
202,12083.12,6657.25,38042.72,21790.87,12187.95,1,2475.13,7.54,0,1,1,0,-4969.09,1,0,0,0.2687,0,903
270,10050.74,5107.48,27342.98,1517.69,1827.51,2,497.65,9.85,0,1,1,0,-3131.59,1,1,0,0.5296,0,785
271,10801.81,32934.61,9015.4,58141.71,90413.54,0,-476.47,9.43,0,1,1,0,-802.98,1,1,0,0.8826,0,304
456,9732.29,47141.56,22929.9,10585.32,6864.87,2,-3305.78,9.56,0,1,0,1,-6160.16,1,0,1,0.9444,1,398
462,8185.01,40444.17,28043.72,87301.94,99188.92,2,1368.21,8.69,0,0,0,1,-5502.5,0,1,0,0.1006,1,703
727,15439.92,3820.84,43198.08,52314.3,95139.69,4,4747.7,9.02,0,0,0,0,-4569.1,1,0,1,0.2718,1,448
252,253.94,13968.39,24066.67,69968.99,13702.09,1,3256.03,8.41,0,0,0,1,-1014.8,0,0,1,0.9791,0,97
702,11972.87,46515.94,44883.73,41085.71,53758.46,3,-4399.92,9.83,0,1,1,0,3056.27,1,0,0,0.2704,1,331
296,11314.51,12652.92,33717.45,56057.98,18492.03,3,-1237.71,9.19,1,1,0,1,7122.92,0,1,1,0.6927,0,205
725,14326.42,39058.52,6849.95,94265.92,42815.52,4,4255.83,9.44,0,0,0,1,-4257.36,1,1,0,0.2535,1,449
720,11984.6,41256.61,49749.07,8273.4,6142.51,3,30.44,9.59,1,1,0,0,-6325.43,1,0,0,0.3564,0,418
338,16537.71,24772.61,26361.63,25393.78,22392.46,2,1621.12,8.91,0,1,0,0,-2423.05,1,1,0,0.1913,1,649
53,19181.91,19317.45,19592.91,77998.83,36327.28,4,4125.99,9.58,1,1,1,0,7887.66,1,1,1,0.8563,0,77
217,6857.06,22506.22,32955.69,9873.72,43864.75,0,3737.95,9.51,1,0,0,0,-9802.79,1,0,0,0.8826,0,896
188,4554.75,11348.23,5444.67,7566.11,97749.63,1,18.2,9.56,0,1,0,1,3557.37,0,1,0,0.2969,1,549
380,8477.7,44469.55,31826.93,36154.14,80786.56,1,-623.54,9.19,1,0,0,1,-456.8,1,1,0,0.8236,1,798
493,5765.71,22530.98,24911.8,9216.8,73740.99,1,-1603.07,8.94,1,1,1,0,-6779.08,1,0,1,0.3582,1,425
41,12302.86,44122.97,20333.7,58507.84,53704.13,2,2190.19,8.4,1,1,0,1,-3579.57,1,1,1,0.099,0,429
157,18237.93,5284.67,47651.0,22627.53,83999.78,0,-2130.13,9.71,0,0,0,1,-5501.0,0,0,0,0.7581,0,485
15,2790.93,49413.76,26126.99,89569.8,33932.28,4,-2501.12,9.41,1,1,0,0,7556.64,1,1,0,0.5964,0,815
65,2024.88,22163.65,10955.87,78350.01,70889.91,4,-1437.5,9.09,1,1,1,0,-362.53,0,1,0,0.2744,1,135
521,5127.75,2391.54,22948.17,69970.52,99378.4,1,-3227.85,9.85,0,1,1,1,1261.89,1,0,0,0.253,0,654
344,14524.65,1901.09,45969.37,61694.4,31462.89,0,1951.2,6.87,1,0,0,0,1873.75,0,0,1,0.9756,1,254
129,11863.33,37310.36,8804.77,86346.57,67401.75,0,1162.41,9.74,1,1,0,0,2792.34,1,1,1,0.8625,0,560
648,2053.23,32951.78,10697.85,22306.21,84431.49,0,-171.21,9.9,1,1,1,1,-88.89,1,0,1,0.8098,1,255
472,18375.82,40106.53,651.48,87310.88,91580.76,3,-1096.74,9.78,0,1,1,1,-9642.53,0,0,1,0.128,0,646
63,15803.79,5268.38,709.5,78949.23,71793.27,3,4090.63,9.69,1,1,1,0,-3305.55,1,1,1,0.7552,0,802
139,470.22,1778.54,41469.58,74816.08,28360.79,1,-4708.76,8.92,0,1,1,1,-6322.54,0,0,1,0.2145,1,720
499,13030.83,25428.96,36606.13,56125.57,32628.22,0,2691.08,8.44,1,0,1,0,3602.86,1,1,1,0.9774,0,499
593,15427.22,19379.76,17752.05,24624.42,2075.8,0,4019.1,9.6,1,0,0,0,-8865.91,1,1,0,0.0521,0,613
392,7494.96,23097.35,34915.56,42354.79,76088.6,4,-536.45,8.72,1,1,0,1,1276.07,0,0,0,0.3521,1,484
675,1387.74,49579.42,19760.3,79357.07,4273.96,4,506.9,8.17,1,1,0,1,-5787.37,1,1,0,0.4286,0,46
419,1555.65,48537.5,47644.84,3177.85,86465.24,1,4444.64,9.66,0,0,0,0,8976.92,0,0,0,0.8242,1,443
289,2093.9,47115.77,48352.63,78205.08,11866.06,0,-2877.22,8.74,1,1,1,0,-3289.18,0,1,0,0.7662,1,582
379,16810.39,39192.13,19639.69,24007.07,17187.65,1,201.35,9.81,0,1,1,0,-3495.58,1,0,0,0.375,0,648
490,18214.62,17742.07,42711.1,14430.92,47652.65,4,-252.79,9.73,1,1,1,1,8467.69,1,0,1,0.5656,0,792
231,2464.99,20606.55,38654.45,11570.13,73788.04,4,-2416.07,9.74,0,1,1,0,-1653.04,1,1,0,0.8356,0,579
41,4725.76,27480.8,15500.0,2725.0,13900.22,3,3185.93,9.64,1,1,1,1,9257.25,0,0,1,0.0182,1,4
28,3318.76,41526.72,11601.99,52358.65,44007.11,1,3996.01,9.78,1,1,0,0,-9516.59,0,0,0,0.8022,0,736
135,3734.55,3435.64,22911.73,21825.99,48285.13,1,2819.33,9.69,0,1,0,1,-3873.11,1,0,1,0.9469,1,1
201,16751.44,21214.84,39067.44,98943.18,21228.56,0,-3046.41,9.4,0,1,0,0,3323.86,0,1,1,0.0321,0,290
33,6649.61,4130.88,48008.39,57443.68,11555.84,0,-4132.51,8.69,0,0,0,1,7817.14,0,1,0,0.0456,0,109
48,6235.77,25732.88,38178.95,13788.53,83642.09,3,1054.44,9.79,0,0,0,0,-4871.89,0,0,0,0.3445,1,777
503,4555.64,44945.04,42760.35,68876.25,50246.56,2,-4429.05,9.73,1,1,1,0,8609.55,0,0,0,0.0878,0,575
407,12161.81,39124.25,30153.22,89774.36,1438.12,2,1728.26,9.16,0,1,1,0,1882.43,1,1,0,0.4793,0,460
574,7592.32,11392.12,41770.39,74517.95,80298.13,2,304.24,6.67,0,1,1,0,6020.16,1,1,0,0.7287,0,266
728,14887.55,48799.54,39221.04,7643.99,98079.38,1,1627.86,9.46,0,1,1,1,-2055.85,1,1,1,0.5669,0,138
99,4119.54,33367.52,18849.28,89588.42,60592.62,1,901.71,6.93,1,0,1,1,-5756.39,0,0,0,0.1964,0,434
684,15757.92,521.38,27599.52,79392.94,50370.84,4,-772.97,9.83,1,0,0,1,8224.71,0,1,1,0.6548,1,44
726,12078.39,12770.67,40237.66,15830.39,87841.59,1,-2991.23,9.86,1,0,0,1,8662.72,0,0,1,0.6849,0,886
547,2294.2,13035.66,2302.84,5178.59,95251.68,1,-1942.98,8.24,1,0,0,1,-48.5,0,1,1,0.9324,1,510
739,8295.95,3462.72,40403.96,55731.06,75453.69,1,245.01,9.51,0,1,1,0,-9870.1,1,0,0,0.1468,0,944
613,17271.73,47991.33,8894.41,15603.58,44545.29,3,1518.68,7.53,1,1,1,1,-7804.34,0,1,0,0.6923,0,983
462,18459.98,23912.76,25734.18,83459.1,59222.14,1,2794.83,9.59,0,1,1,1,1460.56,0,0,0,0.9114,1,262
643,9319.35,44790.73,40413.77,35833.47,70093.54,0,2671.71,8.85,1,0,1,1,-9524.47,1,1,0,0.5016,0,728
5,9621.93,16110.78,12691.05,91289.24,19427.36,0,4726.89,9.52,0,1,0,1,-2061.76,1,1,0,0.3618,0,633
218,18369.91,6261.68,12290.37,56568.82,44720.1,4,-2141.59,8.92,0,1,1,0,-3932.6,1,0,0,0.1707,1,152
503,11745.49,23716.81,20138.22,18267.24,82982.13,3,-4288.89,7.98,0,0,0,0,4286.97,0,1,1,0.8668,1,213
398,666.6,5697.83,44732.14,13959.89,65472.53,0,-1543.43,9.0,0,0,1,0,-8888.43,0,1,0,0.3942,0,234
393,18255.86,24300.78,22.14,57647.24,41120.41,3,2432.94,7.72,0,0,0,0,-225.37,0,1,1,0.9249,1,863
207,4972.05,46014.86,45069.15,76188.36,66336.25,3,-618.88,9.35,1,0,1,1,1582.29,0,1,1,0.8478,1,623
15,11556.86,26038.41,7690.35,78150.56,11822.24,4,3177.88,6.72,0,0,1,1,2345.82,0,0,0,0.3766,1,954
554,3318.61,30824.99,49504.32,27575.74,40149.76,3,493.26,9.26,0,1,0,0,-1896.85,0,0,0,0.5739,1,361
461,687.24,7831.92,47742.35,20424.68,79312.85,1,4297.92,9.78,0,1,0,0,-3912.64,1,1,0,0.0272,0,320
691,6236.35,2186.78,24733.76,1675.63,22050.88,3,4478.63,9.73,0,0,1,1,3649.86,0,0,0,0.2632,0,222
575,15612.11,5540.4,25636.01,67919.92,18596.15,4,-4306.95,9.78,1,1,0,1,6951.38,1,0,0,0.7103,1,952
743,5558.97,29926.58,24077.47,7656.83,95081.87,4,-435.87,9.82,1,1,1,0,3872.35,1,0,0,0.6779,0,738
241,4409.74,4750.58,31772.18,42076.12,20989.76,4,1096.89,7.65,0,1,1,0,8642.05,1,0,1,0.3534,1,210
564,4261.49,18799.64,4536.09,60168.22,26091.86,0,-2441.27,7.86,0,1,0,0,4345.27,0,0,1,0.8086,0,396
96,10308.32,27504.6,1630.9,93710.89,96961.59,1,-929.23,9.32,0,0,1,0,5292.37,0,1,1,0.2358,0,931
734,19511.07,19432.64,2885.15,31180.21,73470.86,0,1776.82,9.79,0,1,1,1,-6641.94,1,0,1,0.4613,1,583
485,9185.19,8184.19,22218.27,24977.22,69959.65,2,-2732.66,9.88,1,1,0,1,-1609.21,0,1,1,0.4725,1,489
407,11150.53,13689.57,13777.4,65416.02,85292.64,1,1019.81,6.84,1,1,1,1,-298.89,0,0,1,0.3408,0,872
231,17214.03,46415.88,31101.98,61923.9,11582.31,3,1974.48,8.87,0,0,1,0,-4874.14,1,1,0,0.9547,0,601
655,10706.04,33799.11,49622.11,33210.98,70595.62,4,-4095.04,8.36,0,1,1,1,570.8,0,1,0,0.6967,0,774
171,3697.41,24802.39,19316.16,92810.18,50368.86,2,-24.71,9.62,0,0,1,1,-4184.16,0,1,0,0.5392,1,961
541,5998.92,635.74,28692.06,84486.23,82915.06,1,-2369.2,9.46,0,0,0,0,3750.04,0,0,1,0.5105,0,878
36,6205.64,49620.77,20780.19,22398.25,50814.17,0,2243.86,7.79,0,0,0,0,-594.23,0,0,1,0.1593,1,464
525,7952.39,33572.75,42363.58,23914.25,62024.14,4,-3104.44,9.18,1,0,0,0,-823.86,1,1,1,0.3722,1,700
160,8541.51,15846.12,45111.82,51230.03,47774.21,0,3922.38,9.53,1,1,1,0,9672.85,1,1,0,0.6728,1,624
699,15997.64,43963.43,43867.78,77357.21,47815.89,1,-690.59,9.65,0,0,0,0,-2151.1,0,0,0,0.9246,0,452
243,6994.25,12921.58,48718.61,4404.04,76797.0,1,-3019.97,6.02,1,0,0,0,-2754.09,0,0,0,0.8165,1,413
86,9369.95,27200.83,1375.96,69333.52,62856.64,2,-619.78,9.79,1,0,0,1,-3627.91,0,1,1,0.3004,0,934
578,12503.27,31803.54,41990.81,64823.59,63326.32,3,-912.56,9.34,1,0,1,1,7894.98,1,0,1,0.434,1,751
682,7560.74,11053.17,37588.61,23148.01,45028.25,0,-710.81,9.7,0,0,0,1,-65.52,0,0,1,0.0829,0,476
557,16732.93,48919.86,11434.72,68135.3,53110.95,2,855.61,9.69,1,1,0,1,2000.29,0,0,0,0.1022,0,256
574,11753.2,37409.6,47816.0,94018.32,74571.77,4,211.74,8.24,1,0,1,1,-6383.63,1,0,1,0.4702,1,150
646,5887.95,27890.66,7408.9,4678.58,82594.09,3,-3502.23,7.7,0,1,1,1,818.85,0,0,0,0.5302,1,127
28,14284.04,9029.73,33977.5,31965.21,69656.14,2,-4344.21,9.58,1,1,1,0,-4507.04,1,0,0,0.264,0,392
620,10557.68,2692.91,11244.51,43817.67,92407.3,0,2294.15,8.05,0,0,1,0,4612.74,0,1,0,0.6428,0,831
556,10693.77,16002.99,21569.03,89926.04,82032.41,1,597.17,9.74,1,1,1,0,6650.57,1,1,0,0.7034,1,480
340,9626.95,37659.37,35957.99,96226.14,56186.38,4,-1409.99,9.58,0,1,1,1,4296.21,0,1,0,0.2991,1,993
331,9945.27,13466.56,28166.23,44411.52,67140.61,0,3083.58,9.73,0,1,0,1,4604.88,0,1,0,0.7584,0,397
640,15309.47,26977.81,21375.09,75002.84,92630.83,3,-1119.42,8.7,1,0,0,0,249.49,1,1,0,0.2056,0,923
506,2068.6,36397.36,16316.92,53166.1,61916.8,3,2959.65,8.75,1,0,1,0,4242.36,1,1,1,0.5443,1,402
348,6693.91,5397.19,41982.98,53778.29,82480.69,1,-1942.44,9.51,0,0,1,0,-1546.26,1,0,0,0.8043,0,274
473,1519.31,34264.9,7190.72,27809.95,68881.05,1,-4271.55,6.46,0,0,0,0,3029.78,1,0,1,0.537,1,845
231,15067.39,4593.54,21505.14,21695.62,55193.64,4,4326.4,9.58,1,0,1,0,-4819.22,1,1,0,0.908,1,982
190,5453.31,48256.49,45187.88,28800.53,24183.82,4,-1054.49,9.72,1,0,1,1,-8604.86,0,1,0,0.0585,1,958
225,17949.63,24419.71,42292.48,55632.8,42599.75,1,2926.93,9.03,1,0,0,1,-1730.53,1,1,0,0.5883,1,910
385,10536.3,7533.81,20047.09,2915.52,96774.28,1,-2208.56,9.64,1,1,1,1,-764.44,1,0,1,0.5618,0,139
377,16016.99,17119.18,38155.42,90724.89,65776.54,3,1463.65,8.16,0,1,1,0,-4871.86,1,0,0,0.6604,1,103
283,19578.84,20670.82,41158.04,15628.37,56439.54,1,3733.11,8.77,0,0,0,1,4554.19,1,0,0,0.8334,1,242
633,16797.38,37909.25,44444.37,22008.87,93295.66,2,-4583.56,9.88,0,1,0,0,-8528.99,0,0,1,0.7259,0,117
628,17341.21,37171.19,27225.29,51827.62,58651.18,0,3306.36,9.89,1,0,0,1,-5545.03,0,1,1,0.7903,0,214
259,8165.61,30597.03,10223.04,71011.48,52608.25,1,713.33,9.24,1,0,0,0,4971.29,0,1,1,0.2888,1,484
359,11038.93,5296.54,12765.45,9572.91,75931.09,4,1074.72,9.84,0,0,0,0,-1257.51,0,1,1,0.3875,1,529
710,5085.23,7578.47,14784.73,31769.47,71266.56,2,231.58,9.26,0,1,1,1,4105.67,0,1,0,0.6268,1,691
456,3930.3,4687.85,29690.12,96867.46,19316.0,4,3744.75,8.67,0,0,1,1,1349.72,1,0,0,0.5535,1,224
411,10115.1,28858.64,1640.48,26234.3,47130.83,2,-4565.67,8.58,0,0,1,1,9014.25,0,0,1,0.9611,1,270
649,11905.03,43856.92,31802.12,31305.01,47251.54,1,-2389.72,9.83,0,0,1,1,1955.92,0,1,0,0.1868,1,825
318,6792.03,21690.03,18217.71,83649.85,37822.45,0,3757.63,8.15,0,0,1,1,-9702.62,1,0,1,0.3513,0,861
677,11393.18,8042.41,14762.09,5021.44,51729.35,4,2523.46,9.36,1,1,0,0,-2942.45,1,0,1,0.5728,0,134
225,17750.34,27902.12,43974.83,46461.32,41310.74,2,-4823.55,9.32,0,0,1,1,-7138.79,0,0,1,0.868,1,114
234,11138.86,40587.61,23000.12,37961.68,19934.55,3,170.06,9.6,0,1,1,1,8492.67,0,0,0,0.9293,0,441
684,14419.05,37085.6,4752.65,31658.68,41236.65,1,295.73,9.21,0,1,1,0,-7919.75,1,1,1,0.336,0,644
664,16108.25,44072.54,41337.34,28569.96,7227.69,0,-991.18,8.6,0,0,1,1,-2245.87,0,0,0,0.0671,1,651
374,19774.69,13895.1,2382.06,9137.41,57578.59,1,-2026.07,8.13,0,0,1,0,-5478.02,1,1,0,0.4216,0,365
672,12067.92,9697.69,36337.46,31482.58,85365.45,3,1817.25,9.43,0,1,0,1,6934.44,1,0,0,0.3943,0,232
608,16138.93,43990.82,38695.31,4305.24,72528.71,0,-2922.1,9.57,0,1,1,1,-3828.67,0,0,1,0.9865,1,458
472,19253.36,32878.02,17630.13,78096.39,36039.4,3,2989.49,9.34,1,1,1,0,9837.87,0,1,0,0.4311,1,375
233,18888.75,15546.45,41239.39,39822.78,8707.12,1,3030.37,9.6,0,1,1,1,-9227.67,0,1,1,0.3057,1,604
692,2830.23,37117.4,25782.97,44390.38,20214.94,2,-847.39,7.95,1,0,1,1,-7434.46,1,0,0,0.3654,0,779
113,8133.78,40755.92,23164.68,89359.46,54549.03,1,-2164.52,9.78,1,1,1,1,-5507.22,1,0,0,0.3969,1,611
497,6486.56,30748.91,2270.16,65805.5,20705.71,1,-2161.22,9.36,1,1,1,1,6222.12,0,1,0,0.8215,0,207
442,1747.63,34394.21,14501.46,805.91,54397.31,1,-177.09,7.84,0,1,0,0,7570.34,0,0,1,0.081,1,520
564,12668.48,18763.0,46550.5,94317.48,23159.9,4,2195.79,9.13,0,1,1,0,-8570.97,0,0,1,0.3165,1,468
268,14720.73,26934.78,19591.2,23714.45,84892.39,3,-1411.31,9.73,0,0,0,1,-9350.8,1,1,1,0.9663,1,882
510,16964.08,26207.96,27335.03,10761.42,39727.15,3,1100.43,9.8,0,0,0,1,4891.14,1,0,1,0.1531,1,443
386,2464.31,42402.39,26601.08,76812.82,24555.06,3,-1175.16,8.58,0,0,1,0,-7332.96,1,0,0,0.7426,0,917
387,17530.12,41998.2,29521.55,50047.73,81232.62,4,-1954.77,9.56,0,1,1,0,-7340.03,0,0,0,0.3564,0,321
113,12862.08,41634.02,3066.55,43377.06,34283.9,2,-4751.4,7.61,0,1,1,1,-9552.67,1,0,1,0.5818,1,93
613,14081.88,551.58,18108.81,24950.31,11148.77,1,-4960.86,6.52,0,0,0,0,-9003.84,1,0,1,0.0995,0,408
625,18213.37,37477.27,36156.41,54747.15,57040.95,2,-2727.92,9.32,0,0,1,0,-4726.49,0,1,1,0.3064,1,158
81,12498.98,37933.82,10028.01,27438.46,58156.42,4,-935.94,9.54,0,1,1,0,-8699.89,1,0,1,0.5009,1,872
699,6723.96,33918.94,10178.92,90158.3,71469.57,3,3512.61,9.68,1,0,1,0,-2622.42,0,1,0,0.2317,0,99
113,16503.9,37813.23,504.53,21520.45,24021.94,1,2984.84,8.83,0,1,0,1,6655.5,1,1,1,0.5419,0,225
2,7267.55,42098.52,21874.1,88435.52,44377.13,0,-2328.35,4.95,0,1,0,0,-3473.59,0,0,1,0.2198,1,852
642,694.22,23515.95,44136.72,55940.54,28236.79,0,-2554.6,9.17,0,1,1,1,4556.68,0,1,0,0.6501,1,441
220,16614.78,25102.51,2595.05,82848.81,8095.37,2,-2726.78,5.79,1,1,0,1,-8121.8,1,0,1,0.9044,1,720
566,6910.39,6235.7,9555.94,71284.6,87661.38,3,-1607.63,7.52,0,1,1,0,3187.5,0,1,0,0.0855,0,585
736,15478.95,19268.79,15504.23,69669.51,72886.98,0,-18.01,8.79,0,1,0,1,-3665.06,1,1,1,0.2166,1,991
225,7261.53,32168.26,36586.24,32434.58,30146.31,2,-613.32,9.08,1,0,1,1,4995.06,0,1,0,0.8444,1,401
385,17222.75,39019.99,32031.78,23389.69,59937.3,4,-2817.27,8.63,0,0,0,0,-7274.96,0,0,1,0.6316,1,571
403,4398.02,10860.45,20797.2,21088.62,20126.38,2,-3695.49,9.36,1,0,1,0,7957.67,0,1,1,0.0787,1,799
638,19491.2,6891.14,37953.45,85719.17,89023.66,2,-4874.22,7.02,1,1,1,0,-5148.46,1,1,1,0.4864,1,64
130,15597.38,33152.1,30481.55,82042.68,11490.63,2,-3460.37,7.97,1,0,0,1,-2937.24,0,1,1,0.2098,1,768
53,2293.62,93.99,44802.04,44057.35,383.71,1,2053.56,9.54,1,1,0,1,9003.61,0,0,1,0.1991,0,560
684,11319.87,8918.63,40901.34,13240.46,50200.82,2,-2563.61,7.96,0,1,0,1,1569.65,1,0,0,0.9406,1,279
730,19707.49,1453.57,12640.68,38225.23,58312.78,2,-313.98,9.46,1,1,0,1,-2684.57,0,1,1,0.7615,1,710
672,9426.6,8344.26,13571.93,61934.35,57896.53,1,913.01,7.01,1,1,0,0,8992.04,0,1,0,0.6962,0,670
710,3650.32,9065.96,6267.82,45440.32,5451.19,1,3868.41,9.01,0,0,1,1,-3418.45,0,1,0,0.2389,0,823
416,9700.72,19383.68,16848.24,78018.93,31404.38,4,3888.55,8.18,0,0,1,0,-8102.59,0,1,0,0.1186,1,519
247,10254.03,20116.36,49977.2,99762.28,49919.89,3,2457.34,7.7,0,0,0,0,9936.98,1,0,0,0.8708,0,248
439,14836.32,43713.12,20287.56,19113.21,21657.92,0,-4648.43,9.34,1,1,1,0,-4643.1,0,0,1,0.0059,1,368
203,13979.93,25505.49,11024.42,45965.08,87262.59,0,750.7,9.83,0,0,1,0,7025.16,0,0,1,0.3881,0,744
184,8056.98,36170.24,38124.14,43098.39,8710.93,2,2865.83,7.01,1,0,0,1,-6689.18,1,1,1,0.2776,0,618
123,4368.28,5206.87,27123.55,30449.25,48738.44,4,-4827.12,9.04,1,0,1,0,4627.08,0,0,1,0.5704,1,971
401,12904.63,11271.94,7480.07,19809.55,69141.61,2,496.85,9.56,0,1,1,1,488.99,0,1,0,0.2505,0,98
294,8439.86,35147.17,19034.48,6569.21,26175.11,0,3577.64,9.13,0,0,0,0,9618.13,1,1,0,0.3112,1,268
280,2654.2,2640.2,20723.49,88711.93,62424.07,1,-258.98,9.69,0,1,0,0,1056.61,1,1,0,0.85,0,60
610,18012.44,24329.88,37691.49,41984.87,82938.52,3,-4958.94,8.19,0,0,1,0,-9499.7,1,0,1,0.6032,1,500
198,13827.52,29968.45,1033.57,49689.55,19033.7,4,-4889.87,9.86,0,1,0,1,2077.56,1,1,1,0.1457,0,308
511,13666.85,30107.28,13450.98,91694.2,91722.06,1,-833.64,8.95,0,0,1,0,-7093.67,0,0,1,0.7265,1,493
144,16453.45,1146.64,25879.82,77629.05,55355.85,3,-3449.91,8.83,1,0,0,0,5970.82,1,1,1,0.2075,1,411
609,10597.94,16105.4,13442.34,13050.13,29923.2,4,1644.51,9.77,1,0,0,0,7131.36,0,0,0,0.433,1,140
201,16302.94,31824.53,31421.7,56542.0,43085.83,4,2087.99,9.33,0,1,0,0,-358.13,1,1,1,0.6466,1,909
124,9966.83,7449.99,24093.37,44225.23,31219.19,0,-3221.2,9.24,1,0,0,1,5664.43,0,0,1,0.2719,0,328
187,1352.84,34770.78,18085.51,79721.11,72511.12,1,3885.33,9.58,1,0,1,1,-7097.79,1,1,0,0.3841,1,464
326,8110.91,37296.26,47460.43,72423.25,79630.07,4,-580.92,9.36,1,1,0,0,-158.44,1,0,0,0.7341,0,702
464,9954.32,49098.46,31607.97,69040.57,83293.74,4,-3571.54,8.09,1,1,0,0,-2121.11,0,1,1,0.9379,0,637
349,14406.85,10492.1,6497.07,34054.48,98576.82,3,2642.52,9.51,1,1,1,1,2226.35,1,1,1,0.5292,1,925
660,2140.51,41256.53,28004.58,80496.37,79128.43,0,2899.75,7.89,1,1,1,1,-9110.46,1,1,0,0.01,1,163
403,2808.97,26014.83,39036.59,5239.13,60138.41,2,1392.95,9.69,0,0,1,1,5042.46,1,0,1,0.3385,0,60
346,5281.04,18673.13,35424.48,15962.49,33922.03,0,3534.66,9.89,0,0,1,0,-8417.41,0,1,0,0.3986,0,925
511,5337.3,6118.84,8604.46,33562.33,54459.54,2,2373.73,8.93,0,1,0,1,3129.43,1,1,0,0.3392,0,31
147,14646.37,36775.28,48621.0,7680.74,4106.82,1,3822.06,9.09,1,0,1,0,-9630.86,1,1,1,0.4363,1,333
148,5022.11,11792.88,22440.68,23499.43,74482.51,1,-661.12,6.85,0,1,0,1,6637.76,0,0,0,0.6327,1,76
711,12665.63,18571.1,7951.25,83015.1,44595.55,4,2475.97,5.65,0,0,1,1,-6506.01,0,1,1,0.1211,0,755
489,9890.53,3127.11,9009.79,94825.15,2002.32,1,4997.52,9.82,0,1,0,0,309.95,1,1,1,0.2726,0,317
640,11470.15,40068.35,4911.75,30460.24,6250.69,4,2249.31,7.86,1,0,1,1,-4770.14,0,0,1,0.5076,0,770
551,16763.76,38329.43,40175.91,26451.58,38746.65,0,-3858.16,9.1,0,1,0,0,4452.94,0,1,1,0.3156,1,417
338,8093.59,36680.79,6101.52,27989.27,58342.15,1,183.19,9.7,1,1,0,1,-3572.98,0,0,0,0.9911,0,968
641,15420.52,14972.18,6256.26,27771.91,46420.39,0,873.48,9.79,0,0,1,0,4492.18,1,1,1,0.4314,0,190
473,8446.5,8674.0,42523.58,3593.02,61920.43,0,-3257.89,9.25,0,0,0,1,-4302.58,1,0,1,0.8698,0,489
151,7083.89,31877.66,17230.2,92691.63,48029.43,1,4628.92,9.33,0,0,0,1,5049.46,0,0,0,0.8965,0,889
415,19172.96,24808.32,1542.9,21369.81,66170.38,0,-3244.2,9.5,1,1,0,0,-9387.89,1,0,1,0.836,1,315
298,3695.57,8912.62,2594.76,42000.41,21912.61,1,-3224.42,9.86,1,0,0,0,-4333.77,0,1,1,0.0469,0,296
611,1815.84,34295.56,7108.52,968.69,11284.32,1,4151.67,9.4,1,1,1,0,-27.33,1,1,1,0.9477,1,501
263,15422.01,49556.32,10669.67,85795.51,59643.4,1,-347.95,9.32,1,0,0,0,-9098.81,0,0,1,0.1287,1,177
144,1374.31,37360.98,33257.31,73115.73,48468.95,2,-4368.12,5.71,1,0,0,1,-6279.32,1,1,0,0.0344,0,800
346,16743.21,36999.32,7866.31,94675.6,2686.77,0,981.87,7.4,0,1,1,1,8690.74,0,1,0,0.4144,1,806
624,8749.5,47515.64,5943.72,78161.55,38048.19,3,1018.26,9.35,0,1,1,1,9536.69,1,0,1,0.1946,0,860
572,18311.12,10146.82,38235.96,31370.65,10612.56,1,-4354.99,9.84,1,0,1,1,4795.0,1,0,0,0.1842,0,719
2,14433.44,28277.5,33552.76,24787.34,53135.68,0,4725.22,9.76,1,1,0,1,-4956.0,0,0,0,0.2878,0,215
304,12211.99,48982.34,21766.21,69771.63,39577.77,4,440.3,9.89,0,1,0,1,-4789.65,1,0,0,0.2484,0,856
254,18986.64,8264.71,27465.49,36411.28,61315.19,1,597.96,9.27,1,0,1,0,2915.81,1,1,0,0.6848,0,653
652,7939.02,35012.6,15599.2,56621.5,80560.22,1,201.15,9.67,0,1,0,1,-7648.01,1,1,1,0.1868,1,597
453,19082.2,29290.51,24125.02,625.75,29966.87,3,1107.32,9.73,1,0,1,1,8966.19,1,1,0,0.5431,1,694
37,2708.68,29323.95,25333.63,6188.57,96210.21,2,-2357.0,9.47,0,0,0,0,-5503.74,1,1,1,0.9864,0,332
160,9680.26,34883.53,19361.86,53536.79,53563.45,2,-2127.59,8.82,1,1,1,1,9992.71,1,1,1,0.4324,1,128
9,5405.53,46480.85,45328.61,56607.16,61829.08,1,113.39,9.15,1,0,0,1,-85.32,1,1,0,0.6419,0,269
233,10801.46,39129.1,803.09,75145.29,68067.24,0,3066.86,9.75,0,1,1,1,5428.6,1,0,1,0.9694,1,551
99,3248.66,2806.81,39108.56,13196.53,66673.15,4,-4501.35,8.7,0,0,0,0,-9956.32,0,1,0,0.1376,1,535
659,16832.18,42636.4,6219.14,51318.31,51097.07,4,1034.04,9.82,1,1,1,0,7774.93,1,1,1,0.4186,0,754
208,16929.69,11277.07,39877.37,19444.76,42876.43,0,3067.78,8.43,1,1,0,1,-4599.96,0,1,1,0.8502,1,366
131,19105.17,18845.71,30795.6,9319.61,5378.2,1,-3430.83,9.62,0,1,0,0,3358.73,1,0,0,0.9323,1,619
404,3101.9,23086.64,42163.9,41049.58,2208.58,4,-4849.77,9.44,1,1,0,1,6127.11,0,0,1,0.6012,1,348
152,12470.42,24045.3,4875.72,16333.66,35796.12,2,-1872.87,9.62,0,1,1,1,-6717.05,1,1,0,0.1434,0,142
54,9490.0,21759.02,27949.03,22178.2,33366.09,0,881.44,9.08,0,0,0,1,-1149.81,0,0,1,0.9015,1,145
120,6894.23,46867.66,25054.39,31755.46,38769.52,3,-3617.17,9.83,1,0,0,0,-123.28,0,0,1,0.1744,1,792
673,7037.29,35300.95,35309.66,25938.84,13836.82,1,-738.78,9.45,0,1,0,1,-3757.61,1,1,0,0.3529,1,245
628,8261.74,31558.53,26714.53,8759.13,73816.83,0,523.21,8.66,0,0,1,1,-364.88,0,1,0,0.3755,1,442
587,14101.46,2492.1,27036.73,8991.62,85696.44,4,988.83,9.46,1,1,0,1,-3649.09,1,1,0,0.4473,1,703
625,11969.74,45195.67,21479.8,19324.94,93871.46,1,-2255.88,8.66,0,1,1,1,-2785.05,1,0,1,0.7902,1,290
420,9199.03,45469.51,15441.72,5055.92,49236.23,2,-999.7,8.68,0,0,0,1,3386.62,0,0,0,0.8021,1,691
422,1527.91,39010.65,24113.22,62645.7,70086.57,1,2783.39,8.99,0,0,1,0,2651.87,1,1,0,0.7197,1,112
104,1564.53,351.46,5924.62,28732.67,85555.11,1,4412.15,9.74,0,1,1,1,-5354.69,0,0,0,0.0221,1,214
254,56.76,2864.01,48075.67,27974.6,41829.11,2,3618.8,9.21,1,1,0,0,7949.66,0,0,0,0.5648,0,650
227,19354.31,11261.19,35720.54,33199.83,30941.28,2,642.84,9.52,0,1,1,1,7255.77,1,0,1,0.7475,1,886
112,115.02,6567.47,47623.36,66279.63,93672.46,1,-897.07,8.97,1,1,1,0,181.67,1,1,1,0.4446,1,200
510,2070.84,19941.8,11336.37,87063.39,51567.66,2,-1670.43,8.57,0,1,0,1,-1334.99,1,1,1,0.9449,1,405
473,6298.79,46131.15,43967.05,75908.69,49725.39,0,-3750.43,9.86,1,1,1,1,-2462.88,1,1,1,0.8238,1,421
99,16150.53,23603.02,40439.5,72752.92,17841.61,2,-3934.49,9.4,0,0,1,0,4145.36,1,1,1,0.6382,1,7
153,19242.35,670.13,33857.62,48439.12,10815.5,2,1883.58,9.84,1,1,1,0,3433.32,0,1,1,0.0624,0,858
338,15802.37,14137.28,31251.46,69380.56,84210.69,1,-2402.06,8.31,0,1,1,1,-6076.39,0,0,0,0.6523,0,525
706,13814.3,2229.75,15827.48,55276.24,61413.32,0,-2453.38,7.99,0,0,0,0,3429.16,1,0,1,0.9116,0,592
163,10430.8,1814.38,40820.54,21625.05,32582.46,3,4981.95,9.75,0,1,1,0,-4951.38,1,0,0,0.3794,0,286
720,1743.24,13785.99,25075.77,20858.84,19173.62,3,-3120.74,9.52,0,1,1,1,-9628.83,1,0,0,0.8381,1,671
681,19163.83,13780.62,3544.58,29639.2,55549.73,4,-3519.4,8.23,1,0,0,1,3984.17,0,0,0,0.3132,1,389
161,15170.26,39356.33,15643.16,91080.27,58391.93,2,-4013.15,8.59,1,1,0,1,2895.87,0,0,0,0.5701,1,416
580,12782.6,48741.73,46764.85,54741.48,20699.36,2,798.05,9.68,0,0,1,1,-1783.81,0,1,1,0.6484,0,784
398,15183.13,18560.35,42534.01,73390.54,85140.57,0,1278.64,9.11,1,1,0,1,513.72,1,1,1,0.678,0,713
277,14484.83,21444.34,49095.28,34655.88,8426.44,3,-1347.72,9.5,0,0,0,0,8943.38,1,0,1,0.8825,0,150
504,12748.26,42239.47,31399.67,40771.58,35609.31,4,354.13,8.76,0,0,0,1,1904.0,0,1,0,0.2346,0,960
392,19611.73,13406.95,12375.5,12556.56,68038.44,0,2884.0,8.94,1,0,0,0,3157.68,1,0,1,0.2624,1,428
135,18068.24,7819.09,8140.75,17129.5,27412.04,2,3181.04,9.89,1,1,0,1,-8721.77,1,0,1,0.704,1,808
195,12936.83,42654.48,9345.72,82735.66,82767.52,3,4579.12,8.51,1,1,0,1,-6680.11,0,1,1,0.1772,0,293
401,13866.57,2325.03,989.78,58483.86,73986.78,4,3242.68,9.22,0,0,0,0,-3980.95,0,1,1,0.4643,1,334
640,1041.4,30984.97,19534.11,33753.25,78902.28,1,648.41,9.73,0,0,0,1,787.59,1,0,1,0.02,0,272
33,13401.65,28099.64,9571.38,80285.12,11910.65,3,-3203.43,8.47,1,1,0,0,5531.82,0,1,1,0.141,0,43
688,892.87,17296.02,20582.77,24651.99,14054.71,4,-4002.36,9.03,0,1,1,0,-3575.18,1,0,0,0.6788,0,468
460,11769.39,15759.48,46749.72,97603.27,28647.37,0,-4454.88,9.42,1,1,1,0,-2872.35,0,0,0,0.7475,0,319
470,19987.08,38592.89,21527.01,34481.76,51807.72,1,1665.26,9.17,1,1,1,1,-4876.98,0,0,1,0.1153,1,492
375,11120.57,4321.23,43899.22,33731.1,74801.61,4,3075.36,9.13,1,1,1,1,-4907.81,1,0,0,0.2277,1,527
22,9469.47,11839.22,30275.24,31191.19,83653.09,4,86.84,8.89,1,0,1,1,8977.28,1,0,0,0.0989,0,760
670,6263.97,36622.44,12356.58,12211.15,70433.53,2,-4452.86,9.37,1,1,0,1,2709.14,0,1,1,0.4334,0,172
38,2419.25,27416.03,17792.74,11113.71,92859.69,3,354.71,9.43,1,0,0,1,-6881.98,1,0,0,0.1261,1,730
230,14623.16,6399.41,4195.98,64810.5,73874.35,2,4357.49,9.48,0,1,1,1,4444.97,0,1,1,0.4373,1,649
365,3860.05,44106.78,16673.13,87511.8,30626.79,1,976.13,7.26,0,0,1,0,4440.42,1,0,0,0.7321,0,321
563,2314.49,19672.39,33877.05,79052.05,26508.13,4,3094.27,9.44,1,0,0,1,3329.4,0,1,1,0.6834,0,739
438,8441.04,41393.42,3605.55,14110.76,69619.25,2,3001.53,9.86,1,1,1,1,-7305.59,0,0,0,0.2805,0,44
283,15908.88,39385.65,10270.07,54558.21,19287.06,3,4321.29,9.29,1,0,0,1,-1840.17,0,1,0,0.6738,0,532
27,14903.84,31221.27,19072.05,10559.15,9271.48,1,2702.29,9.57,0,0,1,1,-7864.87,1,0,0,0.9277,0,631
226,1107.1,24724.06,49102.48,4529.46,53222.29,0,2477.01,9.32,1,0,0,0,6332.41,0,0,0,0.3475,1,454
277,9108.32,48977.54,39243.09,65638.59,82164.16,2,-2658.97,9.75,1,0,1,0,3103.44,0,1,1,0.3291,1,746
609,10453.47,7248.25,36674.34,53515.23,10137.98,1,-4400.75,9.83,1,1,0,0,144.08,0,1,0,0.5714,0,970
284,12894.49,36257.79,5809.55,8202.37,79189.13,0,175.99,8.21,0,0,1,0,-3139.69,0,1,1,0.2455,0,880
481,13006.85,9559.54,39049.79,3493.92,81157.2,2,-3755.66,9.08,1,1,1,0,-6315.01,1,1,1,0.6516,0,891
453,7300.3,16913.16,39263.44,98975.64,48227.4,1,4621.96,8.97,0,0,0,1,-7871.05,1,1,0,0.8323,0,929
659,11217.94,15434.94,30055.13,3002.13,5731.03,1,-2100.75,9.0,0,1,0,0,9384.81,0,1,0,0.4593,1,848
516,9626.43,47351.8,49518.09,44452.83,17458.99,2,3529.44,7.83,1,1,1,0,-6007.03,0,0,1,0.6795,1,868
547,17701.12,48367.81,16262.7,50461.9,70742.63,1,-1123.75,9.7,0,1,1,1,-8802.51,1,0,0,0.6519,0,774
192,10610.0,9150.77,47063.62,11728.01,71177.79,4,-1768.06,6.59,0,0,0,1,9233.34,0,0,1,0.0387,1,83
49,8826.23,1101.76,45736.56,16906.18,89835.53,2,4351.59,9.27,0,1,0,0,979.03,1,1,0,0.1834,0,543
512,8095.66,36000.4,574.03,35180.5,58268.61,1,-1366.77,9.49,1,1,0,1,5933.13,0,1,1,0.8935,0,322
17,11452.83,20899.5,22505.83,76167.59,12410.74,0,-1097.12,8.33,0,0,1,1,-9124.68,1,1,0,0.9389,1,786
172,16081.5,4442.01,48855.21,50708.24,12141.49,0,-3939.08,9.8,1,1,1,0,1338.92,0,0,0,0.7804,0,234
220,10772.65,34187.71,5156.07,63790.19,72113.24,4,1704.47,9.73,1,0,0,1,-2035.8,1,1,1,0.9212,1,540
158,13236.49,27255.28,27389.23,98517.46,18378.47,2,-2111.61,9.15,1,0,1,0,5439.29,1,0,1,0.3061,0,252
477,14759.74,49025.84,48947.88,76800.54,32838.55,1,856.04,9.02,0,1,1,0,-9231.49,1,1,1,0.2477,0,836
46,10408.16,11370.47,27774.77,43436.15,48721.2,1,913.52,8.46,1,0,0,1,-1966.19,0,1,0,0.3843,0,765
373,8542.07,20198.89,9490.77,44644.19,2476.49,0,2192.0,9.59,0,0,1,0,5981.47,1,1,0,0.0553,0,449
518,17534.54,27127.29,29109.16,61877.21,24881.9,4,2452.41,7.88,0,0,0,0,453.95,1,0,0,0.8099,1,239
99,8355.95,39585.0,10222.03,66536.52,40788.96,0,144.52,9.52,0,1,0,1,1000.77,0,1,0,0.9842,0,490
37,9244.24,27441.93,25985.21,50071.09,27963.63,0,-1690.08,9.73,0,0,1,1,-8056.71,0,0,1,0.824,1,882
280,19806.92,30645.01,3702.11,64486.12,13637.03,4,3374.51,8.43,1,0,1,1,-7353.39,0,1,1,0.555,1,464
349,14.75,11307.35,30274.13,2353.25,72801.23,2,-1901.34,9.76,1,0,0,1,3539.99,0,1,0,0.2953,0,941
497,3717.6,42345.94,25839.5,42962.29,81314.77,1,75.09,6.52,0,1,0,0,3500.93,1,1,0,0.1977,1,314
302,7685.44,21431.53,37008.07,27893.81,25747.9,2,-987.47,9.81,1,0,0,1,9582.07,0,1,0,0.3641,0,175
181,18652.47,7047.98,31535.02,12917.44,77441.95,3,3550.78,7.77,1,1,1,1,4239.06,0,0,1,0.667,1,706
607,1409.89,33209.4,27480.31,9954.65,38555.36,3,-680.81,9.47,1,0,0,0,-135.13,0,1,1,0.4471,1,180
99,199.61,10804.52,34488.94,60319.22,50668.58,3,-1139.01,8.52,0,1,0,0,7146.56,0,0,0,0.9341,0,932
700,1063.15,4878.13,7197.1,52360.05,85600.11,4,1898.24,9.73,1,1,0,0,-7910.54,0,1,1,0.8542,0,385
116,1779.98,43099.35,29767.98,25358.41,74995.37,0,1024.41,9.24,0,1,0,0,-1014.08,0,1,0,0.1024,1,295
191,761.56,23008.11,8605.53,47095.01,80511.69,2,-3927.53,7.91,1,0,1,1,-4257.82,0,1,0,0.1315,0,215
253,9600.83,37464.19,46276.11,49223.23,13684.52,1,81.69,9.34,0,0,1,1,-7907.24,1,0,1,0.6762,0,986
161,11619.34,14529.38,3416.71,19500.9,6971.94,3,2354.78,9.01,0,0,0,0,5270.04,1,1,1,0.2308,1,715
256,5441.02,39348.51,21518.74,65209.31,89340.47,2,4920.75,9.49,0,1,1,0,215.84,1,0,1,0.791,1,762
323,7971.76,5596.8,34789.87,78091.94,38783.43,3,1291.47,9.78,1,0,1,0,1135.37,1,0,1,0.5914,0,874
128,1843.07,17798.67,22901.11,79146.35,28787.97,3,-1297.07,9.01,0,0,1,0,-1774.9,1,1,0,0.2298,1,769
18,6734.05,48903.09,4604.76,60246.98,72469.63,1,-2738.48,8.67,1,1,0,1,-793.26,0,0,1,0.4787,0,75
735,10455.16,39699.49,27668.95,51163.86,83641.56,4,3728.3,5.71,0,0,1,0,-7679.65,0,1,1,0.4061,0,344
566,14648.11,24862.8,32081.6,6100.71,86248.96,0,3145.65,9.35,1,0,1,1,3458.36,0,0,1,0.8732,1,714
570,76.89,16988.87,35189.62,28783.13,31599.71,4,-2660.77,8.99,0,1,0,0,-1351.05,0,0,1,0.0322,0,142
323,9351.54,43606.79,18662.99,9327.14,85221.24,2,-2993.68,8.92,1,1,0,1,6335.35,1,0,0,0.8958,1,718
686,5947.09,27242.39,28183.0,96382.32,4093.39,4,2151.37,8.21,0,0,1,1,-6074.26,1,0,0,0.6521,0,199
626,17057.91,37921.25,22534.32,13508.01,4966.15,2,-1850.48,9.06,0,1,1,1,-5898.9,0,1,1,0.7375,0,919
288,14313.91,37705.38,33602.8,15177.54,62351.92,2,-1936.01,9.89,0,0,0,1,2915.19,0,0,1,0.0026,0,171
663,11786.28,897.28,29177.85,88957.66,6310.64,0,-3477.1,8.69,1,0,0,0,6920.07,1,1,0,0.6282,1,406
639,5552.54,6312.69,26287.81,94392.83,32460.92,1,-2360.24,9.39,0,0,0,1,-556.04,1,0,0,0.5885,1,828
155,18207.68,32981.47,12476.22,76582.9,67275.6,0,-724.92,9.65,0,0,0,0,4539.08,1,1,1,0.5372,0,228
490,911.56,8080.99,100.93,540.49,33726.69,4,2328.38,9.61,0,0,1,1,9986.6,0,1,0,0.7859,1,411
386,2198.26,12774.67,8704.08,134.63,17959.98,2,-1636.92,8.79,0,1,0,1,9805.31,0,0,0,0.5559,1,952
104,7838.69,47331.9,5853.3,37810.08,28135.06,3,-1713.96,9.41,1,1,1,0,4886.74,1,0,0,0.8571,0,898
393,2497.51,28009.11,22454.24,14339.54,45757.53,3,-2150.87,9.77,0,0,1,0,4791.73,1,1,0,0.2326,1,935
246,19128.75,37536.48,30612.91,1838.61,47538.59,2,-217.16,5.77,0,1,1,1,-5047.62,0,0,1,0.806,1,691
176,15961.81,27899.04,10654.25,46406.67,78300.02,0,-3193.63,9.07,1,1,0,1,6670.79,0,0,0,0.1793,1,878
39,5187.06,27625.68,46952.85,94306.19,75015.32,1,-143.69,8.41,1,0,0,0,-1897.96,0,0,0,0.8131,0,787
477,11775.2,4707.6,334.11,32381.96,45681.78,0,2041.76,8.96,1,1,1,1,9239.88,0,0,1,0.9405,0,62
682,19646.79,17183.16,38615.05,66114.07,84566.73,2,-4702.09,9.03,0,1,1,0,-8371.45,1,0,1,0.3357,1,327
538,17685.14,14121.54,31260.24,65223.54,11423.71,2,-4902.21,9.61,1,0,1,0,-1283.19,1,0,1,0.5299,0,716
408,12019.96,19536.42,18677.74,25108.01,25535.34,1,-4248.77,7.54,1,0,1,0,1116.81,1,0,0,0.6583,1,963
525,18075.44,39917.21,2524.45,65042.52,82797.65,4,356.6,9.24,1,0,1,1,-1896.88,0,0,1,0.0795,0,959
506,19783.81,18596.63,31374.33,21233.4,37799.4,4,3544.55,9.33,0,0,0,1,-5788.42,0,0,0,0.4941,1,879
36,14869.62,22584.84,19280.68,12200.74,98118.16,1,-4951.16,9.2,0,0,0,0,1859.77,0,1,1,0.3606,0,133
685,1309.08,19869.07,46813.36,70138.33,46625.33,4,4366.61,9.59,0,0,0,0,5118.36,1,0,0,0.8725,1,584
20,8037.59,4670.4,27099.5,11344.08,79193.56,3,-3937.21,8.95,1,0,1,0,2896.77,1,0,1,0.8767,0,590
321,16758.14,22053.61,46982.58,99690.92,40230.7,4,3419.84,9.85,0,1,1,0,-5311.02,1,0,1,0.7008,1,189
512,4619.08,9780.46,11024.18,18345.24,42495.35,4,-171.45,9.17,1,0,0,1,4632.16,0,0,0,0.6557,0,356
400,16614.54,9336.16,36286.3,59414.19,38288.31,4,1593.57,9.34,1,1,0,0,-4862.04,0,0,1,0.7337,0,71
654,2415.57,4701.81,30862.45,41137.46,71907.56,3,106.83,9.71,1,1,1,1,-6495.95,1,1,1,0.366,0,263
471,948.44,17833.55,36970.41,12638.64,54751.79,4,-229.52,8.61,0,0,0,0,3813.36,0,1,1,0.4045,1,306
143,7687.97,37874.09,10733.39,2784.39,94377.81,3,3348.99,7.32,1,1,0,1,6855.74,1,0,1,0.5537,1,558
92,744.27,13822.08,33249.73,62273.23,25089.03,1,2558.86,9.56,1,1,0,1,-369.21,1,1,1,0.938,1,224
354,19145.83,15617.46,24902.02,80675.76,10056.27,0,-165.98,9.18,0,1,1,1,627.84,1,0,0,0.724,0,328
727,16525.85,32133.73,37141.25,84201.57,39326.15,1,-3883.64,9.79,1,0,1,1,-3945.05,1,0,0,0.551,1,762
51,16017.39,9792.04,16352.23,48271.35,61671.27,0,-3845.97,9.89,1,1,0,1,-107.64,0,1,1,0.7704,0,588
665,12599.26,44847.9,44502.85,77745.55,86079.89,1,3015.39,8.99,1,1,1,0,-7360.34,0,1,1,0.3709,0,74
698,4334.32,26009.53,4215.07,67284.71,34619.69,0,293.91,9.03,0,0,0,0,9116.62,0,1,0,0.7305,0,511
575,10370.02,22380.15,40359.47,72425.45,65378.68,0,-184.11,9.01,1,1,0,1,6007.21,0,1,0,0.4107,1,142
190,11949.51,27891.01,43065.98,49259.9,35019.87,2,1805.67,8.78,0,1,1,0,3359.46,0,1,1,0.2797,0,585
125,10505.38,8301.72,40862.62,63341.17,61721.96,0,3588.42,9.66,0,1,1,0,763.89,0,0,0,0.6097,1,102
150,5212.07,30673.66,25636.32,80552.59,88480.79,0,1288.73,9.63,1,1,1,0,5843.38,1,0,1,0.6869,1,606
314,10309.81,18155.04,21919.25,39788.42,23135.76,2,2628.48,9.17,1,1,0,0,-104.86,0,0,1,0.4593,0,581
570,9828.81,44859.32,49813.11,80597.89,40424.16,4,2652.71,6.81,1,0,0,0,-4000.52,0,1,1,0.5655,1,65
342,19926.75,8442.71,11458.6,59201.68,99326.52,4,-1437.39,8.73,1,1,0,0,-6792.52,0,0,1,0.6941,0,193
305,17949.75,25352.56,27343.8,16590.1,86855.7,2,-2259.17,8.67,0,0,1,0,2951.71,1,1,0,0.7677,0,953
692,9272.98,29905.63,33533.78,2468.42,56463.99,3,3011.64,9.69,0,1,0,1,8588.51,0,0,0,0.8956,1,62
682,12462.52,1669.18,35043.38,36275.36,51662.76,0,-1228.21,7.47,1,0,0,0,-6927.63,1,1,0,0.3545,0,532
54,14959.95,18184.66,10201.23,54669.63,28460.04,0,4033.36,9.69,0,0,0,0,-6399.64,0,1,1,0.9515,0,241
444,706.95,36631.76,32699.7,83982.04,51720.94,2,-4303.09,9.5,1,0,0,0,-1327.88,0,0,0,0.6373,0,715
613,17899.48,41018.88,40918.48,12748.57,84818.15,2,-4417.82,9.59,1,1,1,1,6137.99,0,0,1,0.7877,1,410
264,17203.94,15658.1,2500.93,80020.63,68517.45,3,4270.04,9.07,1,1,1,1,-4121.55,1,0,1,0.6998,1,300
53,9154.07,39929.66,45576.06,86300.9,29004.4,4,1484.55,9.52,1,1,1,0,-4921.74,1,0,0,0.2056,1,195
572,7829.48,48387.79,1475.2,15068.75,20146.39,1,-1204.01,9.41,0,1,0,1,2399.33,0,1,1,0.0714,0,454
620,5466.46,42843.7,17798.55,85159.43,26520.85,4,2550.6,9.64,0,1,0,1,712.3,0,0,1,0.7263,0,574
5,9538.77,5882.2,790.66,99145.36,16975.92,0,1723.27,9.1,1,0,0,0,-8795.59,0,1,1,0.5111,1,619
103,897.09,36986.52,3857.26,72683.88,9564.07,2,312.01,9.16,1,0,1,1,-8370.2,1,0,0,0.7022,1,637
196,17045.35,15983.34,45558.41,78476.97,41913.62,3,-4011.27,9.46,0,0,1,0,2860.26,1,0,1,0.4768,1,301
350,718.09,49420.8,17743.04,99441.53,11329.96,4,3121.8,7.68,0,1,1,1,-697.53,0,0,0,0.3122,1,779
47,6587.74,24267.95,21238.58,60548.13,17191.26,3,3660.23,9.07,0,1,1,0,9419.54,1,0,1,0.285,1,456
656,18632.47,6121.69,10767.22,30788.64,54732.47,4,-3278.31,9.88,1,0,1,1,3570.63,1,0,0,0.7305,0,989
269,14706.9,36259.28,29854.79,83753.08,16459.93,0,3505.12,6.64,0,1,0,0,-9798.53,1,1,1,0.2768,1,202
370,5635.01,16150.56,29740.16,61448.58,6387.98,1,3778.47,8.75,1,1,1,0,-379.62,1,0,0,0.7147,0,674
636,5060.46,49853.91,18610.02,58119.54,31738.89,3,494.29,8.75,1,0,1,1,-1711.04,0,1,0,0.384,0,856
106,111.59,48989.12,16651.74,25363.56,22031.91,3,1561.79,9.45,0,0,1,0,-7865.72,0,0,1,0.7709,0,302
670,13917.33,32806.7,44248.22,75633.43,51530.52,1,-1177.63,7.66,1,1,0,0,8464.18,1,1,1,0.1428,0,624
659,985.18,6491.32,19164.21,8166.73,10236.71,3,-2182.08,9.44,0,1,1,1,6100.23,1,0,1,0.205,1,337
657,10656.72,34343.05,24675.05,92428.71,75177.08,3,2219.83,7.56,1,0,1,0,-5398.28,1,0,1,0.6859,0,32
120,19242.82,4651.52,14165.24,32582.35,90623.35,4,3618.75,7.55,1,1,1,0,-4880.38,0,0,0,0.5602,1,971
604,2198.28,1468.21,39338.48,12777.47,74343.52,4,1540.78,9.59,1,0,0,1,-9359.64,0,1,1,0.2039,0,98
58,17890.65,41147.92,19872.41,44236.65,53282.7,1,115.91,8.78,1,0,0,0,-4065.65,1,1,0,0.9028,1,984
346,19829.59,10487.65,25680.55,4246.99,86066.78,0,-3410.75,9.88,1,0,1,1,1692.44,1,0,1,0.2759,1,759
741,1239.73,18951.36,12667.86,68462.62,69491.84,3,-4465.41,6.63,1,1,1,0,-1583.13,1,0,0,0.4211,0,773
474,17659.3,48672.87,49382.98,90270.55,1055.11,0,-543.08,9.09,0,0,1,1,9385.11,1,0,0,0.2023,1,191
117,10326.42,16842.03,14574.79,83726.3,39409.02,1,-4506.5,7.73,0,0,1,1,-8878.4,0,1,0,0.388,0,541
127,18131.21,14824.49,38537.13,12736.95,85095.19,1,693.35,8.86,1,1,0,0,1828.6,0,0,1,0.4916,1,48
393,11430.67,45910.4,21374.78,12627.11,34585.89,4,-1172.71,9.9,0,0,1,1,7166.19,0,1,1,0.2952,0,250
641,13245.62,5537.42,10310.87,81343.45,3521.52,3,2571.89,9.79,1,1,0,0,-385.18,0,0,0,0.7691,0,226
58,10880.14,37979.12,39985.94,92425.43,74617.96,2,-1943.52,6.88,0,1,1,0,-9940.75,0,1,0,0.3939,1,272
634,17291.21,49403.28,16680.34,46066.98,80203.83,1,929.83,9.33,0,1,0,1,-5143.97,0,1,0,0.7295,1,665
513,14680.86,45064.8,43259.67,49897.11,16059.37,3,376.84,9.47,1,0,0,0,-3524.62,1,1,0,0.2071,0,485
96,10429.99,32583.4,45762.86,31826.2,53734.05,0,-4952.88,8.34,0,0,1,0,9319.89,1,0,0,0.377,0,328
638,17364.53,15703.04,42991.19,89426.51,19195.54,4,-4276.11,7.98,1,1,0,1,8235.47,0,1,1,0.0081,1,797
118,4913.26,12716.1,1750.4,64490.29,71923.44,0,-2096.32,9.8,0,1,1,0,8983.41,0,0,0,0.7586,0,180
560,3155.24,40962.76,39368.67,28825.16,27155.05,1,3822.35,9.87,1,1,0,0,6515.17,0,1,1,0.6259,0,814
601,3216.4,43991.1,20566.97,29878.29,31621.51,1,-3529.85,9.9,0,0,0,1,-2967.05,1,0,1,0.8178,0,665
488,6686.84,26271.75,43686.15,89120.01,84497.09,0,2108.94,9.67,1,1,1,0,8117.53,1,1,1,0.4556,1,746
237,4781.41,12217.0,31897.71,1363.4,47632.24,1,4733.67,9.49,0,1,1,0,9633.69,1,1,0,0.7997,0,23
272,18602.51,5647.16,41682.16,32272.66,66975.45,3,2905.68,8.84,1,1,0,1,-2998.57,1,0,0,0.6476,0,930
189,2125.62,4358.97,24971.59,55435.67,40237.31,1,-2570.55,8.14,0,0,0,0,-4788.88,0,0,0,0.0036,1,963
704,13982.82,35953.87,26751.28,14821.75,29800.69,4,4083.65,7.37,1,1,1,0,938.33,1,1,0,0.2537,0,606
447,3792.54,21005.94,7219.38,9209.88,62547.81,3,-4068.93,9.54,0,0,1,1,-6256.96,0,1,1,0.4939,0,370
581,17633.93,45267.99,39199.37,81527.63,15485.76,2,-318.58,9.66,1,0,1,0,-9347.52,1,0,1,0.6187,0,245
247,19226.69,36983.57,20969.48,89440.44,37299.98,1,3875.42,9.71,0,1,0,0,8916.62,1,1,1,0.0656,0,802
76,9314.75,9563.02,25004.01,82360.64,20903.7,1,1412.66,9.81,1,1,1,1,8514.81,1,1,0,0.7051,1,160
154,17582.64,30688.87,39254.89,89878.79,69579.5,4,-863.55,9.78,1,1,1,1,-6746.92,1,0,0,0.5435,0,373
656,112.85,21775.27,29942.27,55311.2,94420.88,4,-2071.87,9.9,1,0,0,0,-1845.2,0,0,0,0.5258,0,285
435,16400.74,28862.49,10054.94,81225.81,99551.1,0,-1249.01,8.49,1,0,1,0,6620.73,0,0,0,0.292,0,521
86,4580.22,36903.46,29511.63,38404.26,45027.68,0,89.42,9.63,0,0,1,1,3220.01,0,1,0,0.5948,0,450
697,18174.94,40309.79,20381.64,66626.79,25253.04,0,-1809.56,9.37,0,1,1,0,-2104.25,0,1,0,0.0275,0,697
285,32.39,42186.87,23476.28,98883.55,44282.94,4,4689.68,8.56,0,0,1,0,4883.42,0,1,1,0.0647,1,807
220,11128.07,12698.74,1415.56,22572.77,84726.94,0,4330.78,9.89,1,1,0,0,7940.95,0,0,1,0.7339,1,647
69,15135.15,1555.78,10501.47,38989.97,20600.57,0,3706.71,9.8,1,1,1,1,8523.17,0,1,0,0.3219,0,622
47,5181.18,36964.74,14051.9,48004.74,95209.57,2,-781.7,7.86,1,1,1,0,-2423.01,1,0,1,0.347,0,581
94,3870.73,5317.19,35648.0,13801.55,34186.58,0,1913.02,6.28,1,0,1,0,-6528.79,0,0,1,0.2084,1,136
453,1691.12,15745.98,574.62,8103.86,98580.37,1,4028.29,9.53,1,0,1,1,8256.78,1,1,1,0.4456,1,96
204,6535.41,190.86,20438.86,82972.29,83860.89,4,3504.29,9.4,0,0,1,1,-8148.89,0,0,1,0.052,1,119
218,11201.29,34083.47,46201.34,97679.44,80857.05,3,-856.73,9.84,0,1,1,1,4433.77,1,1,0,0.3004,0,374
474,2325.72,8356.6,5594.03,40472.51,31790.47,2,-3876.14,8.45,0,0,0,0,-7190.05,0,0,1,0.5271,0,274
432,7540.14,32764.12,25821.22,8764.98,877.72,4,-4243.7,7.44,1,0,0,0,-2212.26,1,0,0,0.4656,0,870
341,191.36,49587.13,39326.12,6581.18,38213.29,4,770.64,8.56,1,1,0,1,-1768.89,0,0,0,0.9997,0,878
551,16375.4,3633.54,47126.57,89131.82,30180.94,1,1426.28,5.96,1,1,1,0,-6824.84,0,1,1,0.3888,0,850
612,2577.69,3853.9,37338.83,46381.42,3739.7,0,3498.43,6.59,1,0,1,0,8453.63,0,0,0,0.387,0,177
289,5674.03,17019.0,36028.28,32002.73,50536.53,1,-2074.85,9.81,1,1,1,0,-9946.64,0,1,1,0.5036,1,873
254,378.37,43319.33,41324.4,47646.13,40303.13,0,-3325.3,8.86,1,0,0,0,7876.17,1,0,0,0.1903,1,749
734,8650.49,10776.49,22310.06,31830.41,63455.65,0,-1209.94,9.01,1,1,1,1,7676.59,0,0,0,0.8763,0,784
357,16804.03,18018.89,40292.23,48903.58,62118.63,4,-1464.25,5.94,0,1,0,1,-3660.73,0,0,1,0.5723,0,277
23,7849.1,3425.27,398.22,85955.64,12074.66,0,-3675.31,8.6,0,0,1,0,4085.69,1,1,1,0.1921,0,138
522,3598.15,38157.76,46228.05,59230.14,97696.55,2,1722.83,9.69,1,1,1,1,-4943.82,0,1,0,0.7934,1,874
100,15076.44,20415.32,22165.33,69465.38,18693.14,2,86.92,9.42,1,1,0,0,5175.47,1,1,1,0.0343,1,132
180,15778.25,37962.44,27669.01,36467.07,44527.4,2,2211.23,9.62,1,1,0,0,1222.39,1,1,0,0.9826,1,44
223,3483.33,45180.39,12744.11,73850.59,48811.75,4,-1473.09,9.1,0,0,0,1,-3995.49,0,1,1,0.8651,1,123
659,15419.37,11638.16,37126.54,66661.71,81306.28,1,-1742.98,8.73,0,1,0,1,-1995.3,0,0,0,0.5796,0,136
442,18946.48,40369.8,3831.79,11956.2,9922.96,3,-274.24,9.18,1,1,0,0,3797.77,1,0,0,0.1113,1,367
608,3335.89,2954.69,43631.79,57264.29,42864.43,0,3774.07,8.77,0,0,0,0,8121.95,0,1,0,0.2153,1,373
325,15421.98,44942.37,41405.84,25674.35,62850.22,3,-4597.19,9.73,0,0,1,0,-7385.47,1,1,0,0.2794,0,126
516,14174.35,32538.43,10803.01,80409.57,21515.56,1,3048.33,8.69,0,1,0,0,1427.28,0,1,0,0.241,0,439
16,9476.74,43711.34,40466.22,42593.77,62746.79,1,-1310.12,9.49,1,1,1,1,-4925.42,0,1,1,0.4975,0,787
336,1167.83,9.42,39317.89,99468.42,92366.48,4,3546.19,7.92,0,1,1,1,6027.44,1,0,0,0.9446,1,576
258,1503.14,8454.05,31610.83,9250.04,99751.81,2,3022.03,9.53,0,0,1,0,-8595.25,0,1,1,0.4442,0,808
497,17049.77,19487.97,18676.01,78034.79,3245.11,2,-1512.39,9.81,1,1,1,0,3779.12,0,1,1,0.6616,1,744
160,19803.07,18975.15,13574.94,67370.17,23558.82,1,1938.77,9.41,1,0,1,1,-6501.08,0,1,0,0.6886,1,51
475,13524.28,11336.52,11589.18,76749.88,31030.71,4,-3403.67,9.32,0,0,0,0,1927.71,1,1,0,0.8716,1,137
664,8924.71,19080.6,15930.45,30752.98,39912.61,4,3962.82,9.86,1,1,0,1,6713.85,0,0,1,0.0338,1,158
690,12955.0,6442.44,45177.92,49205.45,24225.72,0,-955.09,9.44,0,1,0,0,5101.61,1,0,0,0.4043,0,56
675,11891.97,20638.06,3882.04,79650.85,20348.8,2,-443.74,8.56,0,0,1,1,5058.86,0,1,0,0.7847,0,593
380,7678.41,40117.72,41443.56,23254.13,95455.38,1,2057.59,8.68,1,1,0,0,356.91,1,0,1,0.8149,1,744
545,1321.87,23953.5,17444.5,22603.32,91852.16,3,3208.4,9.55,1,1,1,0,7814.91,0,0,1,0.9273,0,428
691,16432.04,900.0,26079.97,55105.1,4699.25,2,-2636.57,9.6,0,0,1,0,1762.1,0,1,1,0.7028,1,443
427,7442.95,21072.2,39724.28,52356.36,33881.3,0,1613.5,8.71,1,1,1,1,8350.36,1,1,1,0.2452,1,911
613,16377.53,1358.75,44218.83,28226.25,40514.86,4,-1080.02,8.84,1,0,1,1,930.45,0,0,1,0.5057,0,964
268,5057.65,48312.17,17239.07,29807.57,23901.45,1,-1312.97,9.89,0,1,0,0,119.31,1,0,1,0.0323,0,326
577,30.58,6372.7,23092.17,27784.52,62887.29,2,1900.26,7.63,0,0,0,0,-5552.94,0,0,0,0.6469,1,640
417,3187.18,35384.42,20725.8,77151.21,64038.07,3,-1128.17,9.0,0,0,0,0,895.73,1,0,1,0.5543,0,638
168,9376.1,48638.82,662.55,65190.09,85050.42,0,-1538.91,7.14,0,1,0,0,-7188.3,0,0,1,0.6668,1,829
43,18886.63,41301.95,14797.14,83241.72,74086.93,0,3358.88,9.71,0,0,0,1,7393.8,1,1,0,0.9301,0,80
556,2052.85,34965.77,22959.46,97547.3,54257.33,2,-3987.24,7.53,0,0,1,1,3517.84,0,0,0,0.6873,1,474
285,17085.65,41973.05,20554.68,47416.43,65358.68,3,1758.93,9.51,1,1,0,1,9872.71,1,0,0,0.3204,1,377
397,10545.21,49089.93,36096.46,6669.39,27398.88,0,-2512.75,7.04,1,1,1,0,-8158.05,1,0,0,0.1987,0,869
12,16520.16,31067.22,19240.18,4809.23,59305.62,1,-4845.02,9.51,0,1,1,0,-5186.55,0,0,0,0.8546,0,919
607,5974.5,27959.24,24468.82,29566.5,48922.73,0,-3332.36,9.73,1,0,1,1,7543.17,1,0,0,0.1943,1,333
302,16800.54,31411.91,21480.43,93254.46,13334.45,3,1066.62,8.99,1,0,0,0,-2094.92,1,0,1,0.1616,0,175
253,15458.73,26633.79,37031.31,52321.31,24254.43,4,2091.27,9.25,0,0,1,1,-673.94,0,0,0,0.2066,0,657
499,4608.77,31754.46,43148.62,27178.65,29169.35,4,-4789.42,8.99,1,1,1,1,7213.04,0,0,0,0.5088,1,441
35,2635.39,22492.11,26594.45,39916.68,92430.96,2,-4635.75,8.7,1,0,0,1,436.46,0,1,0,0.1242,1,126
727,17362.41,10922.16,39471.61,59859.51,23038.66,3,4025.42,9.68,0,0,1,1,-6130.48,0,1,0,0.9381,0,694
90,19265.1,6012.36,14839.33,65294.97,28924.39,0,-4266.94,8.6,1,1,1,0,7840.6,0,0,1,0.9663,0,219
605,635.73,3417.05,27068.48,15391.95,36935.41,0,3941.82,9.58,1,0,1,1,-9378.77,0,1,0,0.9738,1,948
602,14628.09,13165.79,17261.5,97703.17,66374.27,4,-2718.34,8.33,0,1,0,0,7907.93,1,1,0,0.0391,1,278
418,18191.39,2306.18,20710.05,54477.22,11823.84,4,2400.18,8.52,1,1,1,1,-8989.6,1,1,1,0.9462,1,485
115,17148.63,28358.54,36620.69,13568.83,95394.52,1,-1902.67,8.82,1,1,1,1,3316.99,1,1,1,0.9974,1,595
617,19290.76,14191.42,44083.12,89363.53,86557.12,4,3587.52,9.37,1,0,0,1,-8566.41,0,1,1,0.9424,1,935
196,15204.28,41226.74,6074.77,7463.84,57721.61,1,2004.55,9.12,0,0,0,1,4124.26,0,1,0,0.6709,1,995
501,8851.55,3712.04,31731.96,90773.54,67403.79,0,-981.87,9.61,0,0,1,0,-9320.57,1,0,1,0.7012,1,141
626,6245.92,11317.57,29107.19,99656.57,1666.05,1,-4236.98,8.36,1,1,0,0,6849.15,1,0,1,0.1223,1,846
493,6421.65,36512.31,5920.75,70043.18,33894.48,1,2327.0,5.41,1,1,0,0,-681.12,0,1,1,0.8743,0,607
75,14491.21,29940.41,10594.72,77044.72,79566.02,2,1168.85,9.65,0,1,0,0,-8130.92,1,0,0,0.0596,0,877
413,14919.28,3224.56,15550.12,33730.28,7748.3,4,-4970.88,9.71,0,0,0,1,4136.39,0,1,0,0.3177,0,706
376,4015.18,43861.97,8346.55,94157.69,28231.38,1,-4905.8,7.09,1,0,0,0,-214.2,0,0,1,0.9912,1,110
420,17363.78,43863.09,12186.47,52971.4,58529.68,0,3087.93,9.41,0,0,0,0,-6181.02,1,0,0,0.4223,0,52
729,14301.33,16520.4,13380.04,73238.84,25641.3,3,-2406.0,8.93,1,0,0,1,-9686.55,0,0,0,0.1312,1,615
277,11259.38,17020.29,16783.69,92410.77,93397.8,1,1361.34,9.67,1,0,1,0,-1640.03,0,1,0,0.9693,0,613
676,9435.93,49451.42,37469.52,97518.0,13105.86,4,-457.86,9.77,0,1,0,0,-8287.42,0,0,0,0.9841,1,654
394,10869.22,31308.81,28595.61,83320.44,79739.44,2,3634.3,9.74,0,0,0,0,-8116.61,0,0,0,0.187,1,713
457,3193.32,26565.83,49312.33,30301.75,50794.87,0,4169.61,9.65,1,1,0,0,-4653.41,1,1,1,0.8648,0,970
192,4081.99,41907.61,20736.79,96654.75,75033.08,2,4968.08,8.59,1,1,1,1,2609.17,0,1,1,0.3904,1,319
739,1832.38,14264.52,37693.25,62811.95,31071.53,3,-3463.16,9.7,0,0,0,1,598.21,0,0,1,0.3814,0,199
689,3081.62,21459.13,43573.42,93064.25,51448.96,1,3629.64,9.28,1,1,0,0,-8620.25,1,1,1,0.2627,0,796
99,9079.34,13388.83,33948.92,67610.5,85683.53,1,-2339.79,6.97,0,0,1,1,9368.63,0,0,0,0.0447,0,729
548,10611.78,39458.04,20593.24,30723.9,46687.81,4,908.16,9.12,0,0,0,0,7743.37,0,0,1,0.268,0,46
96,367.06,28667.47,37679.73,37002.45,35971.99,1,57.73,9.84,0,1,1,0,-4815.49,1,1,1,0.0538,0,505
664,15937.99,32941.25,10183.36,55047.18,53615.54,0,-4820.12,9.78,0,0,1,0,-7553.23,1,1,0,0.9244,0,540
663,5890.42,12615.36,16377.61,79001.48,71736.28,3,4327.71,7.63,0,0,0,1,8848.06,0,0,0,0.6617,0,514
190,18237.6,11011.27,27334.26,31798.26,44356.33,2,-4216.73,9.61,1,1,1,1,-777.16,0,1,0,0.8866,0,895
736,19350.55,24418.73,28770.47,57973.12,93887.7,3,1882.19,9.69,0,1,0,1,-3776.66,1,0,0,0.7173,0,17
37,3717.32,36878.29,1107.07,34562.5,29494.58,1,2850.07,8.6,0,1,0,1,-192.84,0,1,1,0.1313,1,315
369,9247.32,26261.99,47255.71,81576.94,47546.36,2,2952.88,9.15,0,1,1,1,5454.88,0,1,0,0.9406,1,436
695,34.62,1632.28,34831.36,46672.81,75692.77,4,-3645.05,9.56,0,1,1,1,-6632.29,0,1,0,0.8999,0,388
525,11970.56,43427.58,24785.19,7672.28,68912.11,3,-524.3,9.08,0,1,0,0,5349.92,1,1,0,0.3481,1,77
279,12150.06,3234.34,46656.36,16605.25,86364.11,2,3294.29,7.73,0,0,0,1,4988.94,0,1,0,0.1115,1,978
217,4958.32,47791.22,21954.78,6110.47,99680.92,2,-1973.21,9.56,0,0,1,0,786.96,1,0,0,0.7042,0,899
273,11172.67,1257.1,49021.78,49930.29,42685.83,2,-322.51,9.81,1,0,0,0,7316.85,1,0,0,0.7284,0,371
62,4518.55,34722.52,25614.24,10633.73,11115.09,0,-2272.06,9.48,1,1,0,1,-7357.13,1,0,1,0.8968,1,165
596,3224.9,4110.35,5714.29,11414.0,3041.59,3,-364.49,9.65,1,0,0,0,1909.58,1,1,1,0.0527,0,609
729,13033.87,45533.83,38240.05,94104.83,72687.69,2,3878.38,8.88,1,1,1,0,-1013.14,0,0,1,0.1417,0,617
342,6525.25,23221.66,33944.89,87265.51,87401.37,3,-448.76,8.21,0,0,0,0,-1554.16,1,0,0,0.5982,0,24
397,11809.38,6876.19,38649.34,45208.66,22071.26,2,559.12,9.46,1,1,0,1,-4948.78,0,1,0,0.6191,1,712
699,8670.6,17040.78,47572.1,98580.53,15844.8,4,-960.24,8.79,0,0,0,1,-2554.41,1,1,1,0.0336,0,35
19,19687.18,8241.23,38824.47,18.65,6220.51,4,-398.83,9.75,1,1,1,0,-7836.98,1,1,1,0.3969,1,514
177,3000.12,8529.1,30566.83,61397.95,82270.29,4,-4848.26,7.81,1,1,1,1,-4968.02,0,0,1,0.5842,0,801
612,9297.33,47405.42,42865.45,61642.82,31138.19,1,-2162.54,9.07,0,1,1,0,-4560.7,1,0,1,0.7379,0,844
396,13612.33,22262.31,33662.32,45744.31,40169.69,2,-634.18,8.98,0,1,0,1,4413.36,1,1,0,0.3162,1,854
445,7916.95,39440.11,20405.95,39694.8,50275.02,1,1337.97,9.84,1,0,1,0,-9028.99,0,0,1,0.4839,0,461
233,19494.25,31980.28,44280.99,45538.31,83945.32,3,-499.48,8.03,1,0,0,0,3023.85,1,0,0,0.8141,1,138
76,14440.53,33821.32,11095.02,41496.04,65083.32,1,-1621.83,5.34,1,1,1,1,-5571.8,1,1,0,0.9539,1,849
265,13143.11,6584.67,35732.06,73049.25,61506.46,3,-1119.01,8.47,1,1,0,1,-8362.77,1,0,0,0.2303,0,574
455,15143.61,11709.22,44078.17,13535.54,17567.21,3,-2577.07,9.71,0,1,1,1,-3983.88,0,1,1,0.253,0,811
718,19053.45,39337.52,36565.83,19763.92,51318.99,3,4244.94,8.34,1,0,0,1,-5510.54,1,0,1,0.9398,1,709
735,18157.29,48538.31,34863.77,18051.82,71538.1,1,217.43,8.48,1,1,0,1,1040.65,0,1,1,0.3959,1,889
384,14488.46,13133.78,37631.91,26247.06,97326.09,2,-4865.91,7.87,1,1,1,0,-2852.47,0,0,0,0.7183,0,571
564,14985.74,13578.44,23252.76,52525.84,20140.63,1,-4805.54,9.57,1,0,0,0,9319.87,0,0,0,0.6123,0,265
506,2926.98,23644.86,43708.53,11120.87,954.34,2,4729.62,7.24,1,1,1,0,9270.99,1,1,1,0.2856,0,333
367,2064.82,49192.02,10171.82,86816.93,7530.14,2,-2785.49,8.8,0,1,1,1,-1125.69,1,1,0,0.6536,0,188
144,11422.38,13447.95,6369.32,29736.15,37585.25,3,3056.08,8.64,0,0,0,1,5901.75,1,1,1,0.6556,0,63
69,377.17,20348.6,14275.44,16253.8,82054.46,1,-4417.25,9.32,0,1,0,0,-9734.63,1,1,0,0.5924,1,820
99,9652.3,44574.0,26578.87,67562.13,714.21,2,4211.63,9.59,0,1,1,0,956.23,0,0,0,0.0997,1,279
396,4214.89,146.05,25528.09,3808.63,45673.06,4,3744.17,9.27,0,0,1,0,4865.98,0,1,0,0.9952,1,542
25,6926.87,1988.3,41029.94,61996.86,32923.06,2,710.93,9.83,1,1,1,0,-5661.14,1,1,0,0.4004,1,171
469,15518.34,30203.58,20228.43,69819.84,5248.17,4,-4910.01,9.85,0,0,0,1,-8776.56,1,1,0,0.6383,0,503
484,18825.34,45369.01,24217.22,21491.65,45023.63,1,-2421.89,8.89,0,1,1,0,-6881.62,0,1,0,0.8858,1,964
565,1457.6,11942.83,668.38,4196.41,25474.87,1,-931.77,9.65,1,1,0,1,-1163.04,1,1,0,0.4233,0,533
151,10689.5,23482.09,20486.96,36364.54,35188.48,1,-399.36,9.6,0,1,0,0,127.43,1,0,1,0.7739,0,299
144,17651.84,22523.27,32388.71,9859.42,70561.53,2,-2023.21,9.79,0,1,1,1,-2382.3,1,1,0,0.9718,0,201
569,1659.35,23648.57,775.42,11647.78,52155.1,0,-4670.52,9.1,0,1,1,1,-1200.52,1,1,0,0.3589,0,135
39,16492.04,31125.98,14044.1,25426.12,12464.74,2,901.27,9.27,0,0,0,1,-595.3,1,1,1,0.4053,0,272
109,7162.45,23487.19,10397.82,29546.79,96141.45,2,241.55,9.03,1,1,0,1,5388.73,1,0,1,0.9056,1,535
693,6448.67,22373.41,2099.27,52997.03,63591.08,3,-2169.99,9.74,1,1,0,0,-7895.16,0,0,1,0.1596,0,442
42,19549.55,23714.42,23963.0,67839.19,76586.84,3,-4620.24,8.43,0,0,0,0,5379.01,0,0,1,0.0286,0,87
186,4025.17,29543.37,9086.16,59277.09,7921.32,2,4945.94,8.48,1,0,1,0,3772.55,0,1,0,0.9089,0,31
398,13866.95,26850.37,37154.08,14836.03,4705.84,4,-180.14,8.92,0,1,0,1,4833.22,0,1,0,0.8216,1,121
223,16430.6,42706.8,42396.39,17208.6,1944.81,3,2560.04,8.44,1,0,1,0,4689.37,1,0,1,0.9726,0,69
634,833.26,2474.84,27279.26,87876.92,18879.4,2,-476.86,9.33,1,1,1,0,-588.16,1,0,0,0.0582,0,646
133,13411.01,41665.85,49085.37,55835.23,41440.84,0,-4568.3,7.9,1,0,1,0,-5772.0,0,1,1,0.1562,0,883
163,19031.48,42196.23,22523.93,86993.78,93582.61,4,-1903.99,8.77,1,0,0,1,732.58,0,1,0,0.1053,1,961
215,2493.16,14245.4,25668.41,37154.65,45705.97,1,-1798.9,9.81,1,1,0,1,9159.64,0,1,0,0.6834,0,827
733,17925.46,23142.6,49460.89,61440.0,29025.51,2,3383.53,9.01,1,0,1,1,1770.51,0,0,0,0.606,1,496
235,11899.58,21926.92,11577.42,52366.34,56193.53,2,1542.3,9.61,1,1,1,0,-9779.06,0,1,0,0.3593,1,924
658,12335.93,10925.49,47127.3,31912.35,11193.46,4,-2245.7,7.73,1,0,1,0,-8805.78,1,1,0,0.0574,0,146
588,12262.75,19839.84,2141.88,46991.54,60950.59,3,4677.4,8.51,1,0,1,0,9857.27,1,0,1,0.6397,1,984
9,5983.73,2219.39,22319.34,50249.09,56843.2,3,-1784.58,9.69,1,0,0,1,-8561.07,0,0,0,0.5701,1,333
74,18704.68,13891.1,3500.18,20077.1,79199.3,3,4982.34,9.63,1,1,1,0,-9079.1,0,0,0,0.1129,0,481
492,18947.54,40834.11,36461.74,31501.04,98668.76,1,4961.64,8.95,0,1,0,1,-2939.51,1,1,0,0.9089,0,906
253,12509.84,14228.12,30420.45,79140.98,25087.35,4,-3087.89,9.86,1,0,0,1,9386.34,1,0,0,0.1989,0,263
230,15670.62,40910.33,35331.71,91578.82,50965.65,4,-1872.59,9.81,0,1,0,1,-3626.5,1,0,0,0.7435,0,293
519,12249.04,26579.97,18724.02,35979.41,90886.54,3,-139.56,9.87,1,1,0,1,-1802.32,0,1,1,0.8851,1,992
174,9693.12,43993.13,18474.1,30697.23,78518.99,3,1641.01,9.06,0,1,1,0,2681.54,1,1,0,0.5795,1,429
653,13219.79,28738.98,2265.96,19519.72,48740.63,0,280.47,8.28,0,0,0,0,-9517.76,0,0,1,0.2468,0,86
168,11064.5,1483.41,17497.25,67849.12,94537.16,0,4694.41,9.44,0,1,1,1,7955.27,0,1,0,0.3092,0,16
170,11953.54,33771.01,46464.42,32309.97,5723.67,2,2239.89,9.53,1,0,0,0,388.86,1,0,0,0.8857,0,728
393,15678.81,2242.68,18961.33,98774.95,93099.86,2,-2879.55,7.83,1,0,1,1,-663.78,1,1,1,0.2983,1,628
634,9623.27,22529.85,41568.39,32568.48,5050.74,4,-3949.02,9.66,1,0,1,0,7214.53,1,1,0,0.7462,0,118
194,824.67,46471.33,42116.28,39413.6,54730.47,4,1884.01,5.92,1,0,1,0,9061.53,0,0,0,0.9902,1,270
517,3288.35,8260.2,18662.06,60333.42,89044.09,1,-3415.48,9.18,0,0,1,1,-1531.5,1,0,1,0.9998,1,395
29,8777.76,19493.62,31599.43,80168.43,26272.09,1,2876.77,8.8,1,1,1,1,-6551.18,1,0,0,0.5335,1,979
165,14499.28,36493.02,4768.58,46951.87,47224.85,0,-1889.63,9.6,1,1,0,1,6314.19,0,1,1,0.8266,1,855
422,11869.64,44112.93,5183.93,42265.6,32432.89,2,-1731.07,8.74,1,0,1,1,-1934.79,1,0,1,0.9902,0,162
339,13009.38,33547.15,2432.88,99563.78,95214.39,0,-4892.02,9.71,1,1,0,0,8710.91,1,1,1,0.3747,0,700
648,9590.79,12908.66,29050.75,1049.36,82364.56,0,2010.11,9.38,1,1,1,1,8997.98,0,1,0,0.2524,0,104
496,12318.68,33730.39,21303.55,89506.53,70900.15,2,-3867.3,9.67,1,1,0,0,-7703.42,0,0,0,0.1142,1,653
365,6587.06,14836.38,27401.62,14914.08,58762.7,1,2728.81,9.89,1,1,0,1,9131.08,0,1,1,0.1409,1,167
342,9408.95,35921.46,26053.66,78592.53,82059.18,2,-81.32,9.52,1,1,0,0,-2634.59,0,1,0,0.8536,0,300
500,14888.14,47701.66,17510.15,61793.16,39226.7,3,2842.8,9.89,0,1,1,1,2925.05,0,0,1,0.5887,1,28
657,17437.94,36069.67,33873.67,34184.73,44755.19,3,839.27,6.38,0,1,0,0,-9305.0,1,1,0,0.8737,1,424
511,8678.77,43144.03,37925.09,87387.5,73000.17,3,-4175.67,8.82,1,0,1,0,7777.69,1,1,1,0.7895,1,784
327,882.8,105.19,731.41,1290.72,35775.48,4,2656.52,7.68,1,0,1,0,2831.95,0,0,0,0.6737,0,562
217,3241.83,35878.61,10362.11,22669.07,6390.09,1,-4302.01,8.57,1,0,0,1,2871.09,1,0,1,0.6093,0,883
301,427.01,41479.38,35661.79,56689.28,7433.46,1,-212.98,9.73,1,1,0,1,8043.52,1,1,0,0.0483,0,156
132,13068.73,2027.94,19331.01,35154.23,11536.28,4,-3276.51,6.49,0,1,1,1,166.94,0,1,1,0.8723,1,324
70,6652.97,43579.89,33124.2,61037.75,86968.13,0,2523.35,9.25,0,0,1,1,-1789.67,0,1,0,0.4178,0,348
252,10854.15,12834.71,17348.13,2411.02,47222.64,3,4115.91,9.34,1,1,1,0,7322.58,0,1,1,0.5598,0,121
415,9870.6,33264.61,19537.76,11645.89,71288.24,3,541.26,9.33,0,1,1,0,4848.41,1,0,0,0.022,0,956
445,1639.71,40017.74,7933.94,12709.62,39290.93,0,271.47,9.16,0,0,1,0,8979.51,0,1,0,0.9361,1,652
182,8071.19,33133.23,12911.55,18928.36,25871.09,2,2639.63,9.67,1,0,1,1,8802.44,1,1,1,0.9027,1,528
167,4419.02,4614.24,30270.59,45933.14,34719.22,2,-4949.21,7.89,1,0,0,0,-2353.48,1,1,0,0.5433,1,821
91,8373.81,29816.08,21658.16,75212.87,79418.23,1,4177.59,8.74,1,1,1,0,-1060.27,1,1,0,0.5773,1,950
714,4079.53,27479.18,38715.13,90553.88,62521.61,4,-3025.51,9.42,0,1,1,1,-4880.3,1,0,0,0.705,1,561
531,16810.64,45016.06,42629.25,83537.25,93763.98,1,4841.19,9.53,0,1,0,1,3212.96,0,1,0,0.2647,0,164
39,3492.12,20211.99,27082.32,19688.79,67970.48,2,2362.54,9.0,1,0,0,0,-2709.16,1,0,1,0.2219,0,62
126,19216.0,16054.05,37913.36,44115.06,57018.16,0,2742.51,9.77,1,0,0,1,5722.01,0,0,0,0.674,1,340
451,8323.99,37492.54,15345.23,19941.16,61019.6,1,1562.03,9.03,0,1,1,1,-7568.98,1,0,0,0.1044,1,666
173,16926.44,20633.77,20748.56,26447.18,94237.14,3,-283.37,8.99,0,0,0,1,-7671.94,0,0,1,0.4541,0,312
653,12579.01,32304.81,35638.88,50354.7,78820.09,3,716.28,6.6,1,0,0,1,-5910.89,0,0,0,0.4928,1,376
220,14709.65,32322.5,19310.6,6810.9,2404.12,0,-4535.97,9.31,0,1,1,0,-8314.16,0,1,1,0.3813,1,346
638,15356.8,44401.95,29425.25,21817.43,53413.97,2,1239.6,9.56,1,0,1,0,2400.63,1,0,0,0.1853,1,150
58,10101.85,29934.62,9268.64,93537.82,68833.84,3,1260.98,7.74,1,0,1,0,-7052.94,1,0,1,0.3553,1,888
660,10870.58,25107.68,29988.57,46611.63,74869.85,3,3912.01,8.72,0,0,1,0,-6800.74,1,0,0,0.3376,1,585
476,10284.78,6943.57,43075.69,44538.65,21314.21,4,56.56,9.66,0,1,0,0,-9715.44,0,1,1,0.4993,0,581
456,11765.29,5786.88,43431.98,1456.72,86717.74,1,-4228.56,8.9,0,1,1,1,5641.8,1,0,1,0.6747,0,977
361,597.59,7716.08,36217.22,24739.97,95584.31,2,-1938.04,8.48,1,0,0,0,6245.92,1,1,1,0.9682,1,177
1,7916.35,8592.42,37287.67,86629.24,23671.53,1,1556.29,9.51,1,1,1,0,-6759.55,1,0,0,0.1442,1,354
387,12127.71,31893.85,27896.37,16462.84,88261.55,2,-2607.41,8.28,1,1,0,1,4790.49,0,0,1,0.873,0,514
348,11958.49,37049.06,29233.4,41512.49,9697.88,3,-2194.72,9.79,1,1,1,1,-1329.1,1,1,0,0.2842,1,309
190,15861.19,26499.58,6682.53,1433.09,5570.68,4,3204.69,7.66,1,0,1,1,-5208.1,1,1,1,0.5914,0,119
505,13103.64,41450.89,22192.96,47833.55,12922.38,1,843.2,9.56,1,1,1,0,2427.69,0,1,1,0.5467,1,519
191,19842.74,49563.16,22538.81,2102.11,5774.11,3,85.27,9.21,0,0,0,1,-6430.32,0,0,1,0.5569,0,767
508,5684.25,41000.63,47924.89,81960.96,84501.22,2,-1815.48,9.76,1,0,0,1,5137.67,0,1,0,0.7234,0,996
369,7189.43,34744.12,21554.34,82485.38,5905.01,1,2309.28,7.84,1,1,0,1,-9047.7,0,1,0,0.3817,1,973
409,7683.1,26624.63,27467.13,78774.22,27166.42,1,-2122.82,9.52,1,0,1,0,9182.62,0,1,1,0.3191,1,916
117,9321.6,22442.65,26662.57,28336.41,10375.63,3,2370.64,9.35,1,1,0,1,-8562.49,0,1,1,0.8528,0,478
134,16721.6,4219.62,31838.09,83723.72,29542.2,1,-4298.99,9.17,0,1,1,1,1588.97,1,1,1,0.2201,1,414
58,4723.48,19968.44,37411.64,54299.81,9055.95,4,3645.41,9.19,1,0,1,0,8043.89,1,0,1,0.1802,0,587
556,15522.24,45506.73,11252.09,37380.81,66800.33,4,-4.34,9.58,0,0,1,1,-9761.91,0,1,1,0.0156,1,351
685,8112.15,40401.13,26436.22,62533.0,13332.68,3,-614.92,9.84,0,1,0,0,-29.71,1,0,1,0.2106,1,506
672,12041.09,10802.57,41295.89,1234.1,85184.59,2,1110.23,7.51,1,1,1,0,-2999.86,0,1,1,0.5185,1,195
173,12654.49,23330.39,23155.74,14296.09,81719.11,3,1241.92,5.99,1,1,0,1,1606.64,1,1,1,0.5385,0,187
149,7463.24,40836.16,13922.88,74229.35,1366.17,4,-3679.65,9.69,0,1,1,0,-5490.85,0,0,0,0.2544,0,450
80,10257.18,3369.23,32735.45,24416.16,89572.64,0,2562.34,7.68,0,0,1,1,-8702.02,0,0,1,0.0723,1,496
213,8266.49,19369.63,41188.37,59800.91,2894.43,0,-2240.72,9.89,1,0,1,1,2518.66,1,0,0,0.7446,0,515
203,1391.96,42592.06,3157.01,38510.26,23964.58,1,4049.62,9.42,0,0,0,1,-1663.02,1,0,1,0.758,1,696
229,8748.94,20194.89,38839.52,85480.58,3238.91,1,3178.51,9.47,1,1,0,1,2449.71,1,1,0,0.9978,0,847
676,1956.89,3880.73,41082.4,95241.53,33584.35,0,-1537.34,8.29,1,0,1,0,-5789.22,1,0,0,0.9,1,273
227,8106.37,27126.72,23076.15,88356.47,51386.65,4,3077.39,8.48,0,0,0,1,-3225.17,1,1,1,0.9261,0,880
659,11862.44,43087.12,49165.28,27062.0,79664.49,1,-1436.1,9.49,1,0,0,1,1233.63,1,1,0,0.7982,0,52
532,11592.5,29514.28,39335.42,19416.29,33798.16,3,-3990.52,9.81,1,0,1,1,1862.26,1,1,0,0.6155,0,263
441,13255.8,11313.96,38683.13,47443.49,70549.0,3,4618.88,9.89,1,1,1,0,-2553.7,1,0,1,0.1285,0,368
402,1914.28,19211.98,37391.93,733.42,18750.45,4,1526.02,8.29,0,0,0,0,-4398.94,0,0,1,0.6223,0,133
47,13045.94,22506.17,7530.41,2580.94,75059.85,1,-439.0,7.9,0,0,1,1,-4525.99,1,0,1,0.056,0,994
233,6249.84,28963.32,10861.54,55329.06,23599.66,3,-1022.27,7.04,0,0,1,0,-6506.01,1,1,0,0.8853,1,225
305,7986.93,37967.55,23199.51,52044.94,14354.48,1,-1752.95,9.76,1,0,0,0,-3491.9,0,0,1,0.4818,1,310
526,17161.15,4943.68,13200.22,99458.2,18540.89,1,4814.48,8.68,0,1,0,1,-6011.19,0,0,0,0.6975,0,573
143,190.52,44482.6,20762.05,20184.18,18206.31,3,-3652.53,3.85,0,1,1,1,2676.31,0,1,1,0.0522,1,877
415,11772.37,615.49,44423.21,25810.39,51286.29,0,-1851.95,8.41,0,0,0,1,1381.34,0,0,1,0.5342,0,16
513,11978.29,18502.62,41216.34,11354.06,84479.76,3,-145.02,8.83,1,1,0,1,-2348.22,1,1,0,0.3013,1,741
373,7939.23,1371.02,31501.99,91754.3,7960.51,4,-220.0,9.89,1,1,1,1,-3483.4,1,0,0,0.285,1,195
566,4748.19,19648.71,42906.02,77781.12,70695.63,2,-286.34,9.26,0,1,1,0,-5247.72,0,0,0,0.3897,1,763
259,4701.13,26290.63,39188.62,82233.91,65434.65,3,-3242.16,8.32,0,1,1,1,709.17,0,0,1,0.0006,1,443
656,17675.36,25584.07,21449.25,90276.38,87252.0,1,-3550.67,8.81,0,0,1,1,8378.06,1,0,1,0.4667,0,303
471,8846.07,8281.42,10053.26,52490.0,24414.76,1,-2452.32,8.8,1,1,0,1,3714.06,1,0,1,0.4866,1,48
12,6624.48,32287.03,25710.05,45119.32,45010.99,3,4145.26,6.0,0,1,0,1,4888.29,1,1,0,0.8631,1,747
330,8981.06,2238.92,36811.44,33039.15,92582.74,2,-3869.47,7.91,1,0,1,1,6687.56,1,0,0,0.4485,1,121
736,13391.11,38095.34,21820.98,58921.46,65999.35,3,2574.25,9.54,1,0,1,0,-2967.3,0,0,0,0.3636,0,499
358,2923.67,47332.22,33338.6,45427.84,38876.84,2,2575.48,7.79,1,0,1,1,-8742.48,1,0,0,0.9947,1,832
408,8994.18,16988.44,4716.37,45156.56,13141.24,2,3097.7,8.44,0,0,1,0,2451.18,0,0,1,0.5712,0,562
668,11761.81,25861.97,37400.24,93692.79,26248.5,4,3866.15,8.86,0,1,0,1,-6226.55,0,0,0,0.4726,0,469
373,18972.18,18945.51,40635.68,98403.15,58121.55,1,-2369.64,9.63,1,0,0,1,1380.87,0,0,0,0.4959,1,41
8,5058.03,335.52,35341.89,79648.44,71816.79,1,-2754.41,9.36,1,1,1,1,4790.2,1,0,1,0.8092,0,456
122,7191.42,19293.73,48363.18,75675.81,12442.19,2,-344.94,9.53,1,1,1,0,5672.77,0,1,1,0.3407,1,534
348,7593.38,39586.01,41332.6,68055.82,59959.73,1,-2349.11,9.34,1,0,0,1,-3963.22,1,1,0,0.3892,1,371
676,12114.71,29799.44,45154.69,16607.49,55035.13,0,2343.1,9.52,0,0,0,1,248.66,0,0,0,0.7559,1,182
90,7141.07,5063.0,46678.55,5910.58,51395.54,2,1359.4,4.22,0,1,0,1,2419.3,1,1,0,0.073,1,517
648,10674.9,42356.97,40067.4,69072.63,69012.31,1,3749.88,9.83,1,1,0,1,6389.61,0,0,0,0.8652,1,657
698,15637.99,26554.27,33712.94,72878.62,83744.96,0,-4172.62,7.71,1,0,1,1,5227.77,0,1,0,0.4302,1,869
316,14110.66,42086.17,285.93,4697.3,32298.97,4,4150.83,9.0,1,0,0,1,9759.51,1,0,0,0.5813,1,590
178,8932.91,29011.08,23291.29,92805.18,88901.22,1,-2066.51,9.64,0,0,0,1,-9838.31,1,0,1,0.7575,0,231
540,17285.68,27984.42,28558.11,9114.06,16063.36,0,-93.06,9.07,1,1,0,0,-1250.21,0,1,1,0.2661,0,809
732,11167.22,5262.96,15201.51,28590.05,17302.39,3,-613.89,9.85,0,1,1,1,-4879.11,0,0,1,0.8903,1,348
41,10802.72,8367.99,15905.22,67238.98,26677.21,3,2603.12,9.14,1,0,1,1,-7602.13,1,1,1,0.9792,1,479
740,693.41,48601.26,48057.97,16987.26,11953.09,0,-796.67,9.77,0,1,0,1,8230.31,0,0,0,0.4943,0,209
704,19733.99,11424.34,44585.54,5541.59,23031.92,2,4435.53,9.69,0,0,0,0,9959.24,1,0,0,0.9369,1,675
502,2468.19,48872.61,42458.95,33114.65,10641.18,2,4025.34,9.88,1,1,1,0,-6388.08,1,0,0,0.0011,0,680
145,4630.31,26595.64,20300.59,76597.16,82175.24,1,3721.61,9.83,0,1,1,1,-9231.33,0,0,0,0.8942,0,278
201,1043.42,6789.45,684.93,41367.87,13896.9,3,-4287.42,9.8,0,0,0,0,-4498.91,1,1,1,0.311,1,749
724,12803.66,4965.11,4011.11,65297.29,74729.76,2,3542.58,9.59,0,0,1,1,6697.24,0,0,0,0.3115,1,688
461,4501.78,10443.2,15609.82,57961.91,4791.39,2,2816.35,8.9,0,0,0,1,-4122.2,1,1,0,0.2281,0,53
732,3608.41,46281.87,787.15,2221.85,94852.03,3,-3964.87,7.67,1,1,1,0,-8861.97,1,1,0,0.317,0,861
558,1780.23,20707.51,857.49,98854.0,71116.01,4,-3925.86,9.53,1,1,0,1,-8950.16,0,0,0,0.2135,1,10
547,2075.15,19771.71,45830.17,4142.81,679.65,2,-3988.36,9.88,1,0,0,0,-1451.54,1,0,1,0.9059,1,658
253,11697.57,15660.31,35307.93,96780.27,76385.65,0,-4886.67,9.58,1,1,1,0,8636.51,0,1,0,0.899,0,739
390,13767.28,7353.09,15447.8,54986.42,51408.19,1,486.34,9.83,1,0,0,0,-4281.59,1,1,1,0.1022,0,748
594,7953.61,24392.56,6632.23,96315.9,77936.52,2,4733.94,9.69,0,1,1,1,-1456.85,1,0,0,0.1429,0,464
256,9603.14,6502.39,25581.79,11475.36,52249.68,2,-613.15,8.09,0,0,1,1,-7961.32,1,1,0,0.862,1,754
709,13722.5,41774.01,267.31,49040.85,64102.49,4,407.58,8.52,0,1,1,1,-128.54,1,1,0,0.3989,1,817
450,357.42,18519.85,46920.69,16950.41,78633.17,0,4679.7,8.83,0,1,0,1,3930.94,0,1,1,0.1693,1,583
10,6469.38,18740.18,20740.76,5097.49,40510.81,1,-2448.18,8.12,1,1,0,1,-4576.99,1,0,0,0.5107,0,158
242,19462.22,23700.32,20116.75,61752.91,270.81,2,3584.7,9.36,1,1,0,1,-4065.77,1,1,0,0.4167,0,19
251,11606.44,22206.39,19529.68,20778.34,84994.65,1,463.9,9.88,0,0,1,1,6839.5,1,1,0,0.2192,1,55
5,5091.95,49742.9,3466.42,58769.7,38089.04,3,694.77,9.63,1,1,0,0,-9792.73,0,1,1,0.7208,0,956
119,10439.38,27269.06,31916.11,11236.45,49604.27,2,-1568.26,9.04,0,0,0,1,2729.41,0,1,1,0.6313,0,727
374,6859.64,4410.09,36650.18,33198.65,776.66,2,615.84,4.62,0,0,0,1,-2122.31,0,0,0,0.0997,0,968
65,10649.58,30343.87,33806.27,78163.26,49209.2,3,-4268.57,8.74,1,0,0,1,-4032.39,0,0,1,0.9254,0,721
146,2523.57,7579.21,6921.77,43705.15,98648.74,4,2646.44,9.26,1,0,1,0,3151.88,1,1,0,0.5585,0,21
224,2662.97,1546.88,28942.01,62774.54,27826.77,2,-2153.12,8.78,1,1,0,0,6693.37,1,1,0,0.2502,1,282
239,2879.41,48537.11,28474.22,64745.79,39541.83,1,3876.08,7.71,1,0,1,0,1167.84,1,1,1,0.2063,1,761
177,18797.0,38676.94,43420.54,84375.5,68719.0,0,-1321.49,9.09,1,1,1,1,-9378.11,0,0,0,0.1359,1,540
282,14660.65,49005.45,18956.38,32492.28,81479.37,1,-3571.76,8.53,1,1,1,0,-771.98,0,0,0,0.4246,1,935
63,3256.01,23893.92,18574.3,68729.56,41739.16,4,1958.82,9.81,1,1,1,0,-744.8,1,1,1,0.1355,1,417
217,3775.1,26612.88,30926.35,96161.58,30966.89,0,-3354.22,7.62,0,1,0,1,875.97,1,1,1,0.4158,0,808
689,14619.28,8416.85,31653.63,73024.33,93782.58,1,2536.81,6.9,1,0,0,1,3419.18,1,0,1,0.1488,0,723
461,3131.72,12345.37,23464.26,48987.05,67714.5,1,4681.12,4.76,0,1,0,1,-9613.63,0,1,1,0.6568,0,285
610,4698.88,41927.46,22152.97,63071.74,11902.13,3,2795.53,8.79,0,0,1,0,40.25,1,1,0,0.7852,1,532
105,19267.3,17809.28,24707.38,73968.29,6892.79,4,-4775.51,9.49,1,1,0,1,1766.16,1,0,0,0.5495,0,532
99,5113.58,41340.75,43052.26,61227.58,48354.99,3,998.86,9.59,0,1,1,1,-3132.93,0,0,0,0.6801,0,511
511,13236.03,35450.69,23058.35,1667.58,22009.01,0,1954.11,9.11,1,0,0,1,3367.3,0,0,0,0.9384,0,842
385,19572.84,8858.55,46996.59,19477.35,25398.48,3,3254.58,9.52,0,1,0,1,-5436.45,1,0,0,0.6384,1,396
405,7492.19,25372.32,25200.19,81046.82,87769.22,4,-4439.98,8.88,0,1,0,1,-3652.55,0,0,0,0.3642,0,120
518,360.14,33869.37,47460.03,27265.06,8956.6,2,-198.92,9.5,0,1,1,1,9255.11,1,1,0,0.4495,0,97
476,4890.5,11751.86,41641.6,73156.21,71536.41,2,353.71,6.71,1,1,0,0,-3038.59,1,0,0,0.8605,1,120
709,16619.24,41534.43,18121.57,37212.02,27114.23,0,-3308.75,8.96,0,1,1,1,-3069.98,1,0,1,0.1307,1,537
645,17293.53,27241.38,43182.07,52188.43,76032.82,2,-1775.5,9.67,0,0,1,0,1913.61,1,0,0,0.3257,0,153
437,15372.7,8262.1,5503.16,6797.33,72241.14,3,-597.78,9.68,0,1,1,0,9419.51,0,0,0,0.5773,1,245
23,2271.07,29149.22,46252.36,18122.56,739.19,0,3332.1,9.57,1,1,0,1,9661.61,0,0,0,0.6764,0,772
565,15912.25,49985.69,31582.18,95719.7,50913.54,4,4294.08,8.32,0,0,0,0,1593.16,0,0,0,0.7635,1,516
677,18374.37,7526.07,2719.54,89013.81,13931.95,0,1284.23,8.51,1,1,1,0,-9978.26,1,1,0,0.3182,0,393
714,12016.18,40837.85,32212.84,65227.51,86622.7,0,-1050.55,9.9,0,0,1,0,8013.13,1,0,1,0.1459,0,143
458,18818.1,10365.45,48712.38,45964.46,87158.59,1,-2459.69,7.64,0,1,1,1,1404.76,1,1,1,0.9548,1,504
83,16538.51,39119.42,3490.03,67576.13,41834.58,1,4821.35,8.19,0,1,1,0,-2680.07,0,1,1,0.0764,1,794
145,13342.76,36728.9,27734.39,61861.03,44439.56,0,4830.2,7.87,1,0,1,0,6583.9,0,0,0,0.0958,1,847
85,11547.93,15024.47,37389.72,56855.23,30328.29,2,4249.77,8.79,0,1,0,0,-2003.35,1,0,0,0.4949,1,858
78,6977.99,16291.16,40512.93,5917.71,71660.63,1,2856.69,8.35,0,1,0,0,-9319.11,0,1,0,0.8193,0,220
457,3194.16,39626.07,20691.37,63280.26,35866.14,4,-1742.2,9.21,0,0,0,1,6421.44,0,1,0,0.7745,1,839
1,12103.03,23072.28,10208.33,76892.0,26779.25,3,3170.0,9.16,0,0,1,1,917.19,0,1,1,0.9377,0,160
51,6369.05,36540.9,2117.11,99408.17,43223.11,1,-912.07,9.8,1,1,1,0,-3237.13,0,0,1,0.1416,0,76
685,17330.11,7399.21,28986.31,1107.86,9148.75,0,-1732.27,6.56,0,0,0,1,-4982.15,1,1,0,0.3757,0,611
717,19866.81,42627.89,22645.55,73017.35,74660.32,2,2448.65,8.76,0,1,0,1,1875.95,0,0,0,0.2821,1,692
446,15051.03,35544.24,47437.22,57178.93,1259.64,3,-4203.46,9.39,0,0,1,0,-5839.01,1,0,1,0.8609,0,639
449,1818.73,45347.14,3030.25,43405.22,64448.51,1,-4514.37,9.4,0,1,1,1,-3522.98,0,1,1,0.4884,0,32
488,5780.83,6618.62,34269.77,12757.02,18286.45,2,-520.46,9.17,1,0,1,1,2730.61,1,0,1,0.0268,1,777
34,2191.1,29650.73,1248.31,40908.51,23240.4,2,-543.61,9.7,0,0,0,0,7630.89,1,0,1,0.708,0,334
348,13013.73,29956.03,8571.71,35437.72,63563.2,2,3956.44,7.14,0,0,1,0,657.81,0,1,1,0.3887,0,525
95,15306.17,17673.04,22678.95,30282.99,99294.35,0,-3738.47,9.7,1,0,1,1,5182.13,1,1,1,0.5311,0,440
72,18514.24,22923.32,22743.62,73087.96,77771.75,4,-3767.16,9.2,0,0,1,1,5261.21,1,0,1,0.8938,1,892
551,8769.07,1899.08,34285.03,70072.55,22583.96,2,-3525.47,7.9,0,0,0,1,3287.08,0,1,0,0.2567,0,940
154,18028.5,37293.0,45510.65,58902.01,17602.48,3,-4702.64,9.78,0,0,1,1,-5083.23,1,0,0,0.2403,0,993
250,17559.04,27466.12,31951.61,93866.48,86623.29,1,-4282.68,9.47,1,0,0,0,7335.77,0,1,1,0.2632,0,352
674,6350.74,2887.05,47676.75,34985.44,44418.39,3,1598.7,8.1,0,0,1,0,-1274.49,1,1,0,0.3381,1,339
438,17379.32,34037.79,44080.78,24380.19,13705.28,0,-684.16,6.53,1,1,1,0,-9115.79,0,1,1,0.1074,1,926
118,7519.69,23339.1,29224.99,65590.33,86221.14,0,2636.03,7.95,1,0,0,0,-5107.75,0,1,0,0.6972,1,400
306,5944.42,1723.06,41689.6,19881.41,81609.24,3,4925.98,9.41,1,1,1,0,5310.97,0,0,1,0.2074,0,396
268,12985.0,48480.39,32128.88,31501.05,98390.64,4,1590.35,8.19,1,0,0,1,-8617.33,0,1,0,0.9261,0,202
54,6574.34,47455.61,3927.89,22460.24,90974.37,0,-4495.44,8.42,1,1,1,1,-7052.71,0,0,1,0.2157,0,962
236,12607.87,25645.12,37028.24,6915.36,85179.03,0,-3954.37,6.24,1,1,0,0,3884.54,1,0,0,0.2556,0,530
389,12200.54,4683.62,4745.42,82749.87,5257.44,3,3810.04,9.58,1,0,1,0,7852.02,1,1,0,0.297,0,909
734,11273.14,37731.06,29704.14,25454.05,10441.54,0,274.96,9.69,0,0,0,0,2674.64,0,1,1,0.7685,1,93
401,7614.59,24596.56,35132.01,47302.75,56898.32,4,3248.37,9.68,0,1,0,1,-5554.18,1,1,1,0.4276,0,792
624,10974.51,15122.37,3326.38,4331.53,53147.92,4,3566.12,7.85,1,1,1,1,-8931.72,1,1,1,0.8193,0,358
303,11933.74,24570.91,11539.73,69933.95,45796.32,4,4276.75,9.8,1,0,0,1,2302.53,1,1,0,0.7849,1,396
207,10918.28,26122.21,45783.61,33056.1,39678.93,1,4498.29,9.51,1,0,1,0,-9052.03,0,0,0,0.9295,1,828
229,8893.94,28135.58,30815.72,74473.67,43121.05,4,548.26,9.8,1,0,0,0,2254.44,0,1,0,0.7566,0,60
578,303.19,22061.19,12314.3,41240.31,56929.79,4,-1589.8,9.1,1,1,1,0,-5488.4,1,0,0,0.0519,1,477
75,11745.36,30287.77,34533.99,19575.56,207.65,1,4618.65,9.08,1,0,1,0,8093.12,0,0,1,0.8373,1,726
435,3377.2,45936.74,29838.82,51317.51,26070.88,2,474.06,9.66,0,0,1,0,-498.15,0,0,1,0.9381,1,612
103,12855.09,18113.4,25078.78,13050.46,51827.97,0,-4357.47,7.54,0,0,1,1,-5521.23,1,0,0,0.9937,0,1
422,15189.29,36285.82,48809.35,44053.92,72221.61,4,1427.77,9.25,1,0,0,0,7062.91,0,1,1,0.1253,1,555
704,10013.9,44722.63,34172.69,31730.55,17415.67,0,876.85,9.72,1,0,1,1,-4919.29,0,1,1,0.6133,0,311
738,10851.85,22798.96,18772.06,91195.96,54688.12,3,3957.93,9.72,1,1,1,1,-3868.02,0,0,1,0.1995,1,168
306,19030.06,22172.79,40003.67,6092.87,71445.97,0,1531.87,9.86,0,1,1,1,6685.56,0,0,1,0.2625,0,192
98,16944.88,30105.85,44229.16,69401.74,44462.77,1,-1509.48,9.54,1,0,1,1,-3824.16,0,1,0,0.7456,0,34
335,18285.59,29570.34,6261.03,18275.12,2708.11,0,4662.26,8.33,0,0,1,1,-1796.72,1,0,1,0.9777,0,34
435,16277.19,40329.47,10027.65,31904.51,44926.82,0,3016.19,6.03,0,1,0,0,-3046.69,0,1,1,0.5949,1,688
447,2187.28,23824.17,10811.35,41551.41,29644.49,0,1304.18,9.17,0,0,1,0,-7671.99,0,0,1,0.8506,1,417
308,2988.35,49806.15,34560.59,90801.51,92964.96,2,-2070.75,9.24,1,1,0,0,-9222.08,1,1,0,0.0089,1,708
249,10537.21,2973.58,30151.98,24257.83,12461.34,2,-1264.6,8.48,1,0,0,1,4490.81,1,0,1,0.0366,0,998
166,4928.93,158.39,30949.58,9130.88,65247.6,3,1699.7,7.83,0,1,1,1,2902.74,0,0,0,0.5967,1,158
481,9539.14,32009.92,47038.66,31868.96,5271.98,1,-4280.19,9.37,0,1,1,1,-4352.68,1,0,0,0.389,1,757
335,7893.36,14921.75,38795.58,10467.6,44617.04,0,-2433.19,9.63,0,0,0,1,-4088.02,0,1,1,0.8898,0,500
542,10992.79,12019.12,6396.85,12859.65,55397.95,0,2139.01,9.9,0,1,0,1,8900.12,1,1,1,0.302,1,366
106,14940.05,15594.95,17375.35,57385.06,29795.49,0,-199.81,9.63,1,0,0,1,9753.42,0,1,0,0.4321,0,340
563,14312.66,12802.38,21769.68,6090.19,45507.56,0,-976.06,9.67,0,1,1,0,-531.3,1,0,0,0.5279,1,858
81,10429.47,1539.5,19798.08,3093.09,16355.38,2,-3485.42,9.42,1,0,0,1,6049.03,0,0,0,0.273,0,335
133,16449.64,48576.65,33465.43,71441.41,30412.38,3,-581.51,9.89,0,0,0,1,4733.72,1,0,0,0.9085,0,583
138,8622.93,11037.27,44594.66,36164.71,62110.63,4,2706.92,9.46,1,0,1,0,-4053.65,0,0,1,0.4645,1,327
184,17935.32,36701.49,15302.57,12537.53,30180.01,1,-2359.87,9.75,0,1,0,1,-8828.75,0,0,0,0.4242,0,114
401,1434.89,38129.82,27593.86,25361.28,89974.31,0,-4946.01,9.85,1,0,1,0,-7148.87,0,0,1,0.8498,1,797
330,19093.65,46462.87,39470.47,64208.65,62840.7,3,1685.05,9.83,1,0,0,0,6765.88,1,1,1,0.312,1,919
508,13097.31,1527.47,20810.9,27553.66,43864.9,4,4726.27,8.94,1,0,1,0,4624.28,1,1,0,0.8175,1,418
69,7607.69,43602.42,8405.91,49452.11,3875.69,3,1068.27,7.37,0,1,0,1,3286.7,0,1,1,0.1223,1,468
546,3951.11,26361.31,23747.55,12169.53,49954.83,2,-3800.78,8.15,1,0,1,0,-7387.02,0,0,0,0.1828,0,143
53,9588.87,31627.21,2761.13,58809.36,76477.62,4,-1792.67,7.09,0,1,1,0,2798.61,0,1,0,0.9508,0,609
450,3899.22,32223.51,47119.17,31607.77,26555.76,3,3676.42,7.66,1,1,0,1,5443.05,0,0,0,0.8424,0,309
205,3334.97,40989.89,3741.06,62696.84,80677.36,2,-2674.32,8.22,1,1,1,0,7212.03,1,0,1,0.3879,1,401
126,12350.86,16670.37,21922.84,80839.49,25180.68,3,1076.96,8.83,0,0,0,1,-9735.37,1,1,1,0.6385,1,320
43,10466.46,36652.56,26494.06,61164.64,82374.64,3,-973.29,9.29,1,0,1,1,3689.5,1,0,0,0.943,0,212
111,13405.22,26428.91,49265.19,29574.76,8526.83,4,-2921.56,9.56,1,1,1,0,-9618.05,0,0,1,0.2119,0,317
663,18592.82,39669.7,8301.09,25574.37,86618.37,2,3134.07,8.35,0,0,1,1,4137.46,0,0,1,0.059,1,185
183,10649.88,49527.3,5721.58,32742.1,49918.65,0,2428.31,9.51,1,0,1,1,2712.43,1,0,1,0.5375,1,205
95,11622.83,10032.55,435.31,16462.05,29653.76,1,1615.91,9.55,1,1,1,0,-7033.04,1,0,1,0.1426,1,364
374,1801.63,49732.43,7778.57,18117.19,26511.33,4,-2636.63,9.32,1,1,1,0,5322.44,1,1,1,0.1873,0,216
520,14355.54,4490.61,10363.65,79069.11,43201.06,2,-4021.43,9.8,1,0,1,0,-8633.05,1,1,0,0.8915,1,246
360,8004.11,115.88,31529.05,38473.26,99904.95,3,761.59,7.71,0,1,0,0,6527.98,0,0,1,0.0074,0,239
696,19534.74,2208.1,10985.34,43599.52,22032.74,2,536.78,8.18,1,0,0,1,-4761.42,0,0,1,0.8168,1,805
281,16465.25,17089.12,1026.04,59404.95,10321.66,1,-3116.15,9.06,1,1,1,0,3777.04,0,1,0,0.517,0,391
195,10454.4,31645.32,41330.92,58965.35,58503.52,1,-4437.53,7.84,1,0,1,0,8473.79,1,1,1,0.5593,1,520
195,2473.22,3451.48,18279.79,6737.69,48854.25,0,-4192.92,9.34,1,0,1,0,-3203.46,0,1,1,0.6718,0,983
667,17189.72,283.29,17684.83,83154.08,52419.63,0,4927.71,8.98,1,1,0,1,57.88,1,0,1,0.4314,0,590
93,15997.62,46854.55,15123.95,17732.66,66693.54,1,2835.84,8.65,1,0,1,1,-737.64,1,1,0,0.1156,0,836
672,3699.86,41096.33,48768.66,72307.16,26714.41,4,4219.87,8.13,1,0,0,1,-6847.77,1,1,1,0.1028,1,277
61,5912.61,40459.16,8505.77,77267.1,91066.5,4,-3049.45,8.81,1,1,1,1,1806.24,1,0,1,0.7544,0,957
634,15870.21,44221.21,44911.9,71489.95,43567.21,3,4605.69,9.41,0,0,1,1,4860.04,1,0,0,0.221,0,202
51,3712.72,35001.71,38840.17,57897.76,12908.62,0,-3573.46,9.35,0,0,1,0,8337.5,0,1,0,0.0281,1,214
403,18355.87,5220.21,3824.0,1460.9,74229.88,3,90.82,8.1,0,0,1,1,7016.05,0,0,1,0.9796,0,606
5,8496.3,19955.01,49336.46,36037.55,64310.44,0,3296.96,7.83,0,1,1,1,200.39,0,1,0,0.9804,0,478
466,1749.91,36157.47,13568.3,60483.94,31574.34,1,-1501.97,6.3,1,1,0,1,4380.34,1,1,0,0.3781,1,508
604,16316.82,14016.72,4929.15,38745.13,62151.87,4,-751.71,5.56,1,1,1,0,6015.67,0,0,0,0.0255,0,976
682,7476.46,34370.32,41465.71,86347.99,21986.2,4,-3718.15,9.78,0,1,0,0,-130.23,1,0,1,0.7273,1,75
534,10534.72,1224.92,35333.78,30880.23,44483.94,1,-3770.78,6.82,0,1,0,1,-7691.45,0,1,1,0.831,0,982
405,2254.96,15306.87,30860.94,29353.48,89941.25,3,1195.68,9.59,0,0,1,0,-1241.38,1,0,0,0.125,1,669
513,61.65,27456.52,7799.04,26599.77,13353.42,3,1755.32,9.77,1,0,1,1,6849.56,1,0,0,0.1355,0,665
645,12763.32,31604.49,23924.81,33278.09,38669.64,2,2773.33,7.59,1,0,1,0,1932.83,0,0,0,0.8222,0,954
233,10308.35,28852.03,39027.8,55740.5,82114.24,0,566.82,9.07,0,1,0,0,4489.17,1,0,0,0.9219,0,142
524,11874.84,34887.81,15181.2,70701.53,96949.09,3,1457.59,9.87,0,0,0,1,-6294.64,0,0,1,0.7908,1,590
346,15876.94,304.44,15584.49,66256.79,45392.61,1,-4864.83,9.72,0,1,0,0,9286.76,0,0,0,0.2007,0,322
46,12935.65,5047.06,157.05,80771.78,50699.96,3,-3378.29,9.19,0,0,1,1,-1918.39,0,0,1,0.4115,0,694
546,3503.72,43447.21,8712.17,88591.4,57217.2,4,4849.15,9.63,0,1,0,1,3072.71,1,1,0,0.6008,1,461
78,7221.84,34087.43,43770.28,81607.9,93234.81,0,-4240.06,9.72,1,0,0,1,-9622.55,1,0,1,0.1603,1,707
730,18118.76,5646.58,22087.32,1894.54,85820.68,2,1787.88,8.85,0,0,0,0,-7453.61,1,1,1,0.2106,1,670
73,15401.19,42103.72,49211.72,73591.8,17060.11,0,-3239.17,9.79,1,1,1,0,5640.69,1,0,0,0.2829,0,146
249,11137.17,12111.56,19785.4,20839.96,43675.78,4,2167.19,9.15,0,0,0,1,9359.39,0,1,1,0.5095,0,54
47,5120.34,23912.99,35759.32,13292.8,46400.04,4,2059.9,9.27,0,0,0,1,-3598.89,1,0,1,0.5108,0,356
121,6048.19,7259.83,14095.95,63848.88,78909.61,4,-2658.01,9.9,1,1,1,0,-9256.39,0,1,1,0.8143,1,277
214,14641.84,35505.5,18190.48,31974.32,60289.29,4,-2303.66,9.73,0,0,1,1,-2782.67,0,0,0,0.753,1,821
239,17024.97,33342.72,9536.3,5711.72,65422.05,1,1547.71,8.89,1,0,1,0,-9650.64,1,1,1,0.9137,0,595
56,13431.78,10555.62,17353.12,13762.97,99819.99,2,-1099.14,5.38,1,1,0,0,-6152.54,1,0,1,0.8329,0,400
350,16192.5,43170.04,27361.88,92.94,7496.0,4,-3054.52,9.44,0,1,0,0,5049.44,0,0,0,0.2539,1,668
107,15335.46,20065.3,49588.64,90322.36,22300.98,4,2316.8,9.55,0,1,0,1,8741.77,1,1,0,0.3313,1,516
48,3002.58,14625.75,33210.09,2461.8,40789.59,3,-3458.52,9.47,1,1,1,1,-8251.02,0,1,1,0.5004,1,499
573,8484.66,7616.48,9962.3,20945.58,34778.24,2,3556.44,9.87,1,1,0,0,1158.02,1,0,1,0.0143,0,311
337,3068.15,13308.4,2248.07,41626.28,2164.56,0,146.7,9.76,0,0,1,1,-4922.38,1,1,0,0.9039,1,271
26,4712.36,1101.35,6317.82,35657.13,9177.76,2,-3942.99,9.1,1,1,1,1,-7218.82,0,1,0,0.0443,1,576
257,17386.5,29162.87,28127.76,91172.59,68095.33,2,1940.72,7.14,0,1,0,0,-5620.4,0,0,1,0.3224,1,449
8,9463.11,42111.54,38258.02,4028.89,87932.45,2,191.63,9.16,1,0,0,0,1555.26,0,1,1,0.5692,1,112
625,10711.81,27449.02,47020.96,51221.47,51422.7,4,-2019.42,9.53,0,0,0,1,-8697.31,1,0,0,0.5178,0,239
253,3577.13,10963.7,791.16,68047.95,53919.11,4,-774.61,9.41,1,0,1,0,-1315.63,1,1,0,0.6545,1,144
692,6252.31,1683.46,26138.01,93169.8,25509.34,1,-2016.62,9.28,1,0,1,1,-7295.44,1,0,1,0.5275,0,374
719,4612.62,10731.4,23543.37,62037.13,76787.64,0,-2369.74,9.15,0,0,0,0,-4546.46,0,1,1,0.229,0,20
303,4131.66,20806.07,32802.75,80375.52,75179.46,3,-3363.92,8.68,1,1,1,0,-6184.91,0,0,0,0.2011,1,576
639,12762.84,37980.57,27978.94,8372.49,58836.57,2,-1372.33,8.62,1,0,0,1,7659.51,1,0,1,0.9072,1,289
56,5145.11,9392.14,34351.96,38593.95,21266.43,0,-2490.13,9.21,1,1,0,1,4160.23,0,1,1,0.264,0,593
726,12643.99,35989.57,32904.13,37394.71,9701.82,0,1834.34,8.08,1,0,0,1,7369.25,1,1,1,0.281,1,197
526,1178.51,43346.67,5850.59,88628.82,6423.86,1,1838.77,8.83,1,1,1,1,-2330.74,0,0,1,0.413,0,382
474,2844.07,22697.34,39985.9,15137.12,59269.61,3,18.4,8.78,1,0,1,1,-3731.73,1,0,0,0.1394,1,581
28,5498.06,41071.6,6161.63,15188.62,82503.53,2,2779.45,9.37,1,1,0,0,-2388.26,1,1,0,0.5073,0,698
78,11944.97,27732.87,34926.53,32855.81,85833.04,3,3413.4,7.2,0,1,0,0,-9629.04,1,1,1,0.665,0,679
216,13520.07,31854.54,20807.27,5446.6,46362.21,1,797.66,9.72,1,1,1,1,4494.09,0,1,1,0.786,0,717
386,8859.91,26313.92,25692.54,18245.8,78427.13,4,1189.35,9.33,1,1,0,0,-3004.55,0,1,1,0.7115,1,492
365,8921.36,23158.64,45164.9,96520.96,94688.02,0,-2171.14,9.5,0,1,1,1,-3733.52,1,1,1,0.1476,0,164
666,14493.09,11732.67,44494.19,42818.39,27517.01,2,3948.69,9.55,1,1,0,0,1962.82,1,1,0,0.4561,0,606
526,326.26,15159.7,40892.82,63201.92,39796.03,4,-4757.94,8.67,1,1,1,0,-1275.0,1,0,1,0.0386,1,249
699,6828.39,14498.51,25507.42,72611.13,93147.9,1,-1513.98,9.15,0,1,0,1,9616.87,1,1,1,0.0178,1,68
312,16375.95,28164.45,36811.99,36696.14,33823.1,3,2218.0,9.86,1,1,1,1,-2874.94,1,1,0,0.4401,0,855
7,12068.36,5997.68,25644.85,14722.71,91387.63,0,-4199.1,9.64,1,1,0,1,2277.92,1,1,0,0.253,0,21
3,6751.17,45839.58,43480.3,20658.1,98104.49,2,-3168.3,9.87,0,0,1,0,-3766.98,0,1,1,0.6834,1,831
623,18111.44,36032.76,20138.79,31326.65,66181.07,4,892.86,9.61,0,1,1,1,9811.9,0,0,0,0.7242,0,512
363,15454.73,20072.28,48511.77,63606.84,81689.03,4,599.94,8.17,1,1,1,1,-1097.78,0,0,0,0.8954,1,597
508,5305.26,7931.21,46616.14,39828.05,74954.56,0,2389.28,7.17,1,0,1,1,2682.58,0,0,1,0.7607,1,390
274,12909.34,44099.61,37080.13,681.47,69953.43,3,3126.13,9.36,0,1,0,1,-7465.57,1,0,1,0.0482,1,536
506,11919.06,41188.9,13970.79,52340.72,30693.11,1,-3714.2,8.88,1,1,1,1,4660.48,1,1,0,0.3716,0,111
739,8029.75,36086.08,6582.68,92151.34,5709.43,3,-4816.19,8.62,0,0,1,1,-4615.8,1,0,1,0.273,1,949
15,7345.45,13577.35,42735.17,81207.76,34305.17,3,1896.39,9.69,0,0,0,0,-1027.73,0,1,0,0.3861,0,863
192,6877.77,20122.33,8265.11,82521.14,66693.6,3,-1986.08,8.9,0,1,1,0,7662.66,0,1,0,0.1601,0,595
631,12346.94,5137.41,42713.04,79505.8,10252.92,0,1259.84,8.76,1,0,0,0,9411.05,1,0,0,0.0977,1,870
485,8853.77,9451.98,24538.25,32373.08,1191.8,0,-3494.55,9.74,0,1,1,0,-1508.56,0,0,1,0.521,1,460
28,16638.94,39150.83,20327.84,76519.38,13969.24,1,-309.6,9.74,0,1,1,1,6696.05,0,1,1,0.7204,1,78
714,13395.36,35751.94,45159.54,14316.14,71573.59,3,44.25,8.87,0,1,1,1,-8933.02,1,0,0,0.7019,1,434
39,1407.93,29674.29,30192.55,65771.61,97279.37,0,850.78,9.72,1,0,1,0,6951.48,1,0,0,0.4509,0,380
273,12806.96,44786.34,28830.7,64156.86,98306.47,1,131.7,9.74,1,1,1,0,2590.21,1,1,1,0.5223,0,652
231,5430.24,29163.33,27938.3,2556.98,49397.91,1,-43.09,9.05,1,1,1,0,-225.88,0,1,0,0.5163,1,440
86,11860.31,23348.4,18558.48,78797.01,86935.23,3,-1672.66,7.2,0,0,0,1,7799.27,1,1,0,0.6916,0,888
474,13605.84,17018.54,39282.16,90324.81,73682.65,2,-4288.2,3.75,1,1,0,1,6906.74,1,1,1,0.0479,1,783
126,4624.28,47022.43,12639.92,26741.53,50104.02,3,-4104.8,9.26,1,1,1,1,-4061.1,1,1,1,0.7099,0,339
537,9142.6,4135.77,46944.75,81239.07,57276.05,2,-662.22,8.84,0,1,1,0,5829.77,0,0,1,0.5822,0,988
145,3814.59,46544.37,44699.26,8240.6,13722.71,1,-1442.07,9.9,0,1,0,0,-8010.18,0,1,1,0.1981,0,424
525,1056.25,41335.73,16874.02,59996.79,93766.15,0,161.35,9.65,1,1,0,0,6455.28,1,1,0,0.0491,1,169
212,7575.74,6496.5,36473.19,48564.69,35192.98,4,-1951.62,9.63,1,1,1,0,3509.11,1,1,1,0.1085,0,709
25,7265.26,28249.22,28661.16,54592.35,44614.93,1,1879.1,9.86,0,0,1,0,-8242.67,0,0,1,0.5247,0,965
580,19909.66,43327.4,16882.47,92620.52,67166.02,0,3639.55,9.78,1,1,1,1,3661.6,0,1,0,0.7584,0,262
394,8932.58,28590.46,49426.08,87131.52,33390.25,1,-2011.37,8.76,0,1,1,1,1610.39,1,1,0,0.3347,0,727
67,6678.06,45359.99,1261.87,78508.37,25425.92,3,-3070.16,8.11,0,0,1,1,1891.0,0,0,0,0.3791,1,579
233,11613.7,47149.19,12632.3,27369.85,63104.94,2,-3838.19,9.61,1,1,1,1,-4182.72,1,1,1,0.9341,0,229
109,1784.46,21119.23,26003.7,91181.86,2498.41,1,1162.54,8.93,1,1,0,1,-4670.06,1,1,0,0.213,1,161
146,19233.7,18865.68,26097.65,9750.77,72072.51,0,-561.44,9.16,1,0,1,0,5250.7,0,1,1,0.1037,1,427
111,12702.85,46816.06,29446.65,85332.92,51402.34,3,-3119.84,9.44,1,0,1,1,-4863.73,1,0,0,0.3434,0,122
228,15099.21,33757.0,37583.81,32816.01,60575.37,4,1531.37,9.81,0,0,0,0,-1074.75,1,0,1,0.7459,0,149
111,3417.85,5801.13,31173.89,5377.23,63188.02,3,-3515.17,9.03,1,0,0,1,3895.78,0,1,0,0.6261,1,852
470,8195.46,2114.59,30014.07,66935.7,52705.02,2,543.01,9.66,1,0,0,0,-8407.67,1,1,1,0.4158,1,705
34,8459.56,28231.45,2675.72,23127.99,58253.38,3,271.48,8.59,1,0,0,0,1890.97,0,1,1,0.9648,1,743
623,16437.91,46508.55,18826.51,24357.11,68378.82,4,2342.28,9.54,0,0,1,0,1787.53,1,0,0,0.735,0,111
369,34.72,42212.44,11602.79,30604.72,75311.88,0,-4448.9,3.75,1,1,0,0,3684.57,1,0,0,0.0619,0,657
595,6024.05,33792.39,13268.51,6368.48,72745.24,1,3878.73,9.77,1,1,0,0,-2601.44,0,0,1,0.7446,1,221
554,19624.92,6955.79,27716.87,17712.71,86961.65,2,2029.92,6.43,0,1,1,0,-1020.4,0,0,0,0.024,1,904
425,9502.98,12711.57,9975.27,513.96,18944.34,4,-2838.74,9.57,0,0,0,1,-3400.61,0,0,1,0.6503,1,64
613,7656.7,43775.56,14697.46,44540.95,40114.8,2,-3165.95,6.84,0,1,0,0,6163.36,0,0,1,0.2105,0,638
518,2405.38,9140.36,11854.24,8425.54,94779.61,3,-683.4,8.58,0,0,1,0,-7387.78,0,1,1,0.6964,0,730
692,19483.55,13921.97,47425.15,68265.26,39659.06,2,3175.65,9.21,0,1,1,1,9259.08,0,0,0,0.3098,1,796
282,410.33,6480.03,47233.29,23562.29,12487.01,4,3429.5,9.04,1,1,1,0,2696.72,1,1,1,0.873,0,354
320,14746.23,33805.41,30497.08,94357.41,52544.51,1,204.56,8.25,0,1,1,1,7738.13,0,0,1,0.3369,1,474
738,15374.31,47199.12,46226.12,87125.16,10949.1,1,3608.11,8.81,0,1,1,1,-1475.37,1,1,1,0.6197,0,909
443,4880.7,13448.4,39290.63,28944.09,20285.32,2,-4945.56,9.59,0,0,1,0,-3354.42,0,0,1,0.2859,1,748
315,13434.45,23770.33,29497.39,78321.55,99831.88,0,-4648.25,9.5,0,0,1,0,8014.52,1,1,0,0.9172,0,485
741,1867.65,31716.99,321.76,80324.49,54136.26,2,4118.22,7.28,0,1,0,1,-8022.54,1,1,0,0.781,0,13
377,5148.37,49973.31,38625.81,98656.31,28405.84,3,2753.32,9.61,0,0,0,0,-7657.86,0,1,1,0.2433,0,934
289,15760.16,5240.4,35124.42,59784.0,99477.5,1,-492.94,6.98,0,0,1,1,-4013.06,1,0,0,0.9488,0,153
437,17295.08,24928.54,30762.68,8196.57,96655.89,1,2536.1,9.29,0,1,0,0,9195.5,1,0,0,0.3572,0,239
662,12173.64,19256.01,38021.22,64683.72,44073.9,1,4556.39,8.56,1,0,1,1,2661.37,1,0,1,0.6519,0,190
277,10141.7,43291.01,25646.11,62497.97,26040.31,0,2720.9,9.37,1,0,0,0,1083.87,0,1,0,0.7429,0,663
710,3194.49,23798.39,35204.16,63835.06,83839.96,0,3423.71,8.56,1,0,1,0,4107.13,0,1,0,0.0229,1,86
582,1271.55,5548.88,46758.6,30714.56,71562.07,4,2606.07,9.89,0,0,0,1,-1650.51,1,1,0,0.959,1,21
503,2361.8,31721.21,18790.25,85967.96,68694.14,2,-3317.89,8.73,0,1,1,1,5161.47,0,0,0,0.3444,1,694
624,4554.87,38539.03,35406.09,95947.22,89311.37,2,3335.74,8.49,0,1,0,1,-2135.39,0,0,0,0.1898,0,319
516,6840.07,144.06,23784.39,21771.25,68941.71,3,-3048.91,8.63,1,0,1,1,6527.26,1,1,0,0.8507,0,158
350,7624.38,42947.83,33719.98,8815.22,28379.79,1,3926.11,9.79,0,1,0,0,-4654.1,1,0,1,0.7029,0,971
446,6932.97,9301.15,38144.67,19453.5,69386.32,0,-413.5,9.45,0,1,0,1,-4449.07,0,0,0,0.0867,1,964
350,4788.72,27603.47,2272.63,82055.21,30581.35,3,1769.77,9.59,0,1,1,1,447.67,0,0,1,0.117,1,481
607,10199.39,20789.88,32330.02,67664.46,75923.9,3,-27.59,9.82,1,0,0,0,-1384.78,0,0,1,0.7152,1,879
664,16507.47,35982.69,11337.06,63604.73,61974.79,0,-4060.09,9.81,1,0,0,0,2962.32,1,1,1,0.0748,1,76
137,5601.27,18558.08,33501.63,40179.31,7741.16,2,-2092.78,9.6,0,1,0,1,-2714.18,0,0,0,0.9172,1,329
243,18848.32,43488.16,23416.51,57782.8,51283.54,1,4837.32,8.29,1,1,0,0,-5388.99,0,0,0,0.7415,1,416
543,17468.0,36524.82,38677.64,30787.41,34330.1,2,4607.15,9.73,0,0,0,1,-603.83,0,1,1,0.3355,0,203
40,3243.67,32385.66,6170.04,47720.01,32857.06,3,-1795.13,8.31,0,1,1,0,1219.13,1,1,1,0.3629,1,229
229,15727.66,39812.03,31316.12,79306.3,60225.63,1,4962.97,9.61,1,0,1,1,-7148.0,1,0,1,0.5065,0,152
548,11496.0,37701.15,13923.54,98124.16,32232.48,4,3455.51,9.53,1,1,0,0,1134.37,1,0,0,0.361,1,775
223,11335.84,1796.93,42649.1,93248.89,77689.37,3,1109.59,9.63,1,0,1,1,-3614.87,0,0,0,0.7835,1,72
6,7826.94,19736.72,46419.18,93386.59,7079.14,2,-4598.75,9.27,1,0,0,1,-2150.96,0,0,0,0.9747,0,225
322,10028.05,46540.36,49819.91,40222.37,66038.83,2,4014.47,9.46,0,0,1,0,-4413.64,1,1,1,0.5845,0,473
468,7949.6,6286.21,39800.37,46878.99,80919.48,2,574.29,9.86,0,0,0,0,8628.21,0,1,0,0.446,0,897
732,10799.26,36854.83,37686.7,70563.54,67283.17,0,3684.76,7.62,1,1,0,1,3666.73,0,1,0,0.2228,1,643
75,12562.72,48729.59,10775.04,92219.19,49722.92,3,3344.29,8.73,1,0,0,1,-4750.79,0,0,1,0.6534,1,360
4,13489.33,2609.93,16800.35,14199.43,95030.7,1,3330.06,9.41,0,1,0,0,2900.63,1,0,0,0.6856,0,540
646,10654.3,34109.69,23284.13,30424.19,29993.85,2,1981.74,9.87,0,0,1,0,6971.45,0,1,1,0.6852,1,811
118,14431.23,23407.71,38669.05,13924.68,1916.79,2,-2085.85,7.56,0,0,1,0,-1967.4,0,0,0,0.027,0,609
606,2834.15,28958.76,45748.29,61200.85,43198.94,0,-1638.4,6.14,0,1,1,0,6599.15,1,1,1,0.8991,1,46
504,4247.53,4267.07,9456.96,30630.1,3301.19,1,-1915.31,7.03,1,1,0,0,-6911.7,0,1,0,0.3381,1,1
574,16376.51,2150.35,46118.37,32610.79,95393.68,3,-4799.54,6.96,1,1,1,0,6455.63,1,1,1,0.7442,1,678
441,6457.33,33343.33,34781.23,7091.6,20991.8,4,825.69,9.81,1,0,1,0,805.88,0,1,0,0.7598,0,245
194,467.65,41165.47,30538.54,34979.61,78892.7,0,1988.34,9.58,0,0,0,0,-5540.51,1,1,1,0.6506,1,219
715,3084.29,39100.77,9992.06,86249.65,77457.21,3,3538.66,9.51,0,1,0,0,-1857.17,1,1,1,0.3949,0,614
392,4480.05,27190.29,2776.25,23307.28,21772.89,4,-3598.35,9.26,1,0,0,1,9759.86,0,1,0,0.6084,0,291
26,19146.88,4993.34,28423.24,69518.75,62122.65,2,441.83,9.66,1,1,1,0,5671.12,0,0,0,0.0402,0,458
435,11465.1,34402.22,32575.78,62962.83,4807.9,2,-4919.92,8.05,1,0,1,0,1501.73,1,1,1,0.7619,0,204
173,18655.29,12094.44,10539.07,86348.46,48357.46,1,-4049.06,8.97,0,0,0,1,-7696.72,0,1,0,0.0996,0,202
300,11507.52,45553.44,27822.81,13228.79,1464.71,4,-4457.88,9.19,1,0,1,1,-1643.77,1,0,1,0.3968,0,566
645,9592.3,41913.27,42824.67,97759.0,92114.39,2,2254.78,7.7,0,1,0,1,-4738.97,0,1,1,0.1036,0,482
326,6281.42,35469.15,41753.3,58262.86,97608.6,2,-4189.4,9.04,1,0,1,1,-8579.98,0,0,0,0.8371,0,792
410,12131.36,47442.3,46367.76,99547.42,22228.28,1,2164.53,8.75,1,1,0,1,844.09,0,1,0,0.5503,0,511
118,2792.57,1571.09,18294.29,91151.47,20810.6,3,-2503.75,6.58,1,1,1,1,7783.71,0,0,0,0.691,1,924
724,17966.25,36810.02,15902.48,22151.73,75372.02,2,3777.13,7.92,0,0,1,0,3512.0,1,0,1,0.6826,0,278
225,16588.35,16512.14,37471.3,5616.2,25337.94,0,3131.5,9.63,0,1,1,1,-5006.39,1,0,1,0.8416,1,16
532,6357.45,45303.29,21555.62,25563.91,89507.66,0,4578.3,5.92,0,1,0,1,1471.69,0,1,0,0.1326,0,525
113,19056.42,13333.76,4377.43,52756.36,57392.91,3,3837.62,9.84,0,0,0,1,8864.69,0,0,1,0.6597,1,356
140,16505.76,36242.82,14140.06,17159.64,35077.76,4,4333.29,7.46,0,1,0,0,4458.3,0,1,1,0.5751,1,356
559,13329.47,43882.35,20929.11,16745.97,83269.37,1,3587.42,9.68,0,1,1,1,3789.48,0,1,0,0.0309,1,830
